-- MySQL dump 10.13  Distrib 8.0.44, for Linux (aarch64)
--
-- Host: localhost    Database: codeverse
-- ------------------------------------------------------
-- Server version	8.0.44

/*!40101 SET @OLD_CHARACTER_SET_CLIENT=@@CHARACTER_SET_CLIENT */;
/*!40101 SET @OLD_CHARACTER_SET_RESULTS=@@CHARACTER_SET_RESULTS */;
/*!40101 SET @OLD_COLLATION_CONNECTION=@@COLLATION_CONNECTION */;
/*!50503 SET NAMES utf8mb4 */;
/*!40103 SET @OLD_TIME_ZONE=@@TIME_ZONE */;
/*!40103 SET TIME_ZONE='+00:00' */;
/*!40014 SET @OLD_UNIQUE_CHECKS=@@UNIQUE_CHECKS, UNIQUE_CHECKS=0 */;
/*!40014 SET @OLD_FOREIGN_KEY_CHECKS=@@FOREIGN_KEY_CHECKS, FOREIGN_KEY_CHECKS=0 */;
/*!40101 SET @OLD_SQL_MODE=@@SQL_MODE, SQL_MODE='NO_AUTO_VALUE_ON_ZERO' */;
/*!40111 SET @OLD_SQL_NOTES=@@SQL_NOTES, SQL_NOTES=0 */;

--
-- Current Database: `codeverse`
--

CREATE DATABASE /*!32312 IF NOT EXISTS*/ `codeverse` /*!40100 DEFAULT CHARACTER SET utf8mb4 COLLATE utf8mb4_0900_ai_ci */ /*!80016 DEFAULT ENCRYPTION='N' */;

USE `codeverse`;

--
-- Table structure for table `Amenity`
--

DROP TABLE IF EXISTS `Amenity`;
/*!40101 SET @saved_cs_client     = @@character_set_client */;
/*!50503 SET character_set_client = utf8mb4 */;
CREATE TABLE `Amenity` (
  `id` varchar(191) COLLATE utf8mb4_unicode_ci NOT NULL,
  `name` varchar(191) COLLATE utf8mb4_unicode_ci NOT NULL,
  `createdAt` datetime(3) NOT NULL DEFAULT CURRENT_TIMESTAMP(3),
  PRIMARY KEY (`id`),
  UNIQUE KEY `Amenity_name_key` (`name`)
) ENGINE=InnoDB DEFAULT CHARSET=utf8mb4 COLLATE=utf8mb4_unicode_ci;
/*!40101 SET character_set_client = @saved_cs_client */;

--
-- Dumping data for table `Amenity`
--

LOCK TABLES `Amenity` WRITE;
/*!40000 ALTER TABLE `Amenity` DISABLE KEYS */;
INSERT INTO `Amenity` VALUES ('0a8c5b8f-92ff-42a1-9b44-0b243a3e16ba','Air conditioning','2025-11-28 01:22:34.709'),('52365bf6-dfe3-44b9-8ee9-c744b827c20d','Washer','2025-11-28 01:22:34.709'),('68722afd-db10-445b-b297-4ec508a407f3','WiFi','2025-11-28 01:22:34.709'),('6cbbf457-f090-453e-b408-72ddd6f46f98','Free parking','2025-11-28 01:22:34.709'),('745e763c-95d3-4891-846e-6c98e57e68e9','Kitchen','2025-11-28 01:22:34.709'),('9ed44ae4-f65c-4cf6-96f9-8714fc5557d1','Garden','2025-11-28 01:22:34.709'),('c829dde6-b445-4f03-ac0c-938d49719926','Pool','2025-11-28 01:22:34.709'),('dcbd75eb-9187-438f-be5b-224534cac1ea','TV','2025-11-28 01:22:34.709');
/*!40000 ALTER TABLE `Amenity` ENABLE KEYS */;
UNLOCK TABLES;

--
-- Table structure for table `Booking`
--

DROP TABLE IF EXISTS `Booking`;
/*!40101 SET @saved_cs_client     = @@character_set_client */;
/*!50503 SET character_set_client = utf8mb4 */;
CREATE TABLE `Booking` (
  `id` varchar(191) COLLATE utf8mb4_unicode_ci NOT NULL,
  `startDate` datetime(3) NOT NULL,
  `endDate` datetime(3) NOT NULL,
  `totalPrice` int NOT NULL,
  `status` enum('PENDING','CONFIRMED','CANCELLED') COLLATE utf8mb4_unicode_ci NOT NULL DEFAULT 'PENDING',
  `createdAt` datetime(3) NOT NULL DEFAULT CURRENT_TIMESTAMP(3),
  `updatedAt` datetime(3) NOT NULL,
  `roomId` varchar(191) COLLATE utf8mb4_unicode_ci NOT NULL,
  `guestId` varchar(191) COLLATE utf8mb4_unicode_ci NOT NULL,
  PRIMARY KEY (`id`),
  KEY `Booking_roomId_fkey` (`roomId`),
  KEY `Booking_guestId_fkey` (`guestId`),
  CONSTRAINT `Booking_guestId_fkey` FOREIGN KEY (`guestId`) REFERENCES `User` (`id`) ON DELETE RESTRICT ON UPDATE CASCADE,
  CONSTRAINT `Booking_roomId_fkey` FOREIGN KEY (`roomId`) REFERENCES `Room` (`id`) ON DELETE RESTRICT ON UPDATE CASCADE
) ENGINE=InnoDB DEFAULT CHARSET=utf8mb4 COLLATE=utf8mb4_unicode_ci;
/*!40101 SET character_set_client = @saved_cs_client */;

--
-- Dumping data for table `Booking`
--

LOCK TABLES `Booking` WRITE;
/*!40000 ALTER TABLE `Booking` DISABLE KEYS */;
INSERT INTO `Booking` VALUES ('057d19f6-7fc0-406d-a4c4-f778b0f82b9e','2026-01-07 01:22:34.818','2026-01-12 01:22:34.818',675000,'PENDING','2025-11-28 01:22:34.819','2025-11-28 01:22:34.819','8b45eb80-5f4e-4aac-94f6-74e1b80dc090','9c039add-f21f-4571-89bf-b88b0c9aa636'),('0e659db7-10d2-4aff-b531-6c96c9d0f7af','2026-01-17 01:22:34.823','2026-01-21 01:22:34.823',600000,'PENDING','2025-11-28 01:22:34.823','2025-11-28 01:22:34.823','67d79e79-110d-471d-8c79-8dea7f8d23ed','eabeda06-d74b-4250-89d6-93f15f08cc23'),('10f2e4e1-057c-4234-8c39-4bd433f11ea8','2026-01-02 01:22:34.810','2026-01-04 01:22:34.810',340000,'PENDING','2025-11-28 01:22:34.811','2025-11-28 01:22:34.811','e28ca98b-240c-4ca8-ba78-0004a1ad7355','ebd15e7c-ff2f-4d17-9214-bca8d7723793'),('20da74ba-a1ea-4e3b-85bb-fbd0df775e8f','2026-05-02 01:22:34.887','2026-05-04 01:22:34.887',340000,'PENDING','2025-11-28 01:22:34.887','2025-11-28 01:22:34.887','bf77dcde-4953-49f8-b26c-c8b89502aa3b','00825d20-dfaa-4284-a6cf-dec4d283fbfb'),('2303b5c7-64e8-40dd-aeba-11725d27f6b3','2026-03-08 01:22:34.856','2026-03-11 01:22:34.856',390000,'PENDING','2025-11-28 01:22:34.857','2025-11-28 01:22:34.857','4a097a32-3760-4d96-bd36-5d9245141d91','9c039add-f21f-4571-89bf-b88b0c9aa636'),('2db45df6-f221-4902-a6ca-9773443a092b','2026-02-26 01:22:34.850','2026-03-02 01:22:34.850',880000,'PENDING','2025-11-28 01:22:34.851','2025-11-28 01:22:34.851','23203991-d8c6-4812-a800-399fd5dece4c','d6bf948e-8091-4ef1-910e-e67d1dd0c78f'),('46151056-35a7-4919-a3a4-fdc229339339','2026-04-17 01:22:34.883','2026-04-19 01:22:34.883',200000,'PENDING','2025-11-28 01:22:34.884','2025-11-28 01:22:34.884','cc0b7713-eb1a-4ef8-97c1-cfa54d560219','9c039add-f21f-4571-89bf-b88b0c9aa636'),('4f5bc362-2547-4eec-972a-9971c22470aa','2025-12-13 01:22:34.802','2025-12-19 01:22:34.802',960000,'PENDING','2025-11-28 01:22:34.803','2025-11-28 01:22:34.803','964548cc-286b-4cc2-b97b-10c5ce1df2a8','4459c222-3bbf-4161-9481-02dda6fba813'),('5530a179-c643-4628-a3bb-a475654bccae','2026-03-18 01:22:34.864','2026-03-22 01:22:34.864',720000,'PENDING','2025-11-28 01:22:34.865','2025-11-28 01:22:34.865','bffa8ddb-3ce9-4c9f-bab4-630eea429704','a97418e0-873c-4117-9e1f-1bfa2c0305ac'),('5cbc7d73-9ba1-4269-9725-c5cae9c20bdf','2025-12-03 01:22:34.796','2025-12-05 01:22:34.796',300000,'PENDING','2025-11-28 01:22:34.796','2025-11-28 01:22:34.796','021ab18c-c49e-4a56-a541-71f79b510e8d','3729af7a-642a-482c-a4b0-60696816da14'),('62c16048-b917-4ef5-b5a9-ec6138044d69','2026-05-07 01:22:34.890','2026-05-09 01:22:34.890',300000,'PENDING','2025-11-28 01:22:34.891','2025-11-28 01:22:34.891','4d002044-ca86-4b82-8036-0c7a4c680c7f','eabeda06-d74b-4250-89d6-93f15f08cc23'),('63fc7d5c-3ede-4dfd-b548-4c80259307da','2026-01-27 01:22:34.835','2026-01-29 01:22:34.835',340000,'PENDING','2025-11-28 01:22:34.835','2025-11-28 01:22:34.835','03d0afd3-451f-47b0-9a14-ca1dea609c7c','a97418e0-873c-4117-9e1f-1bfa2c0305ac'),('66cbfce7-6bb1-4884-a772-351b768ec341','2026-04-02 01:22:34.874','2026-04-06 01:22:34.874',560000,'PENDING','2025-11-28 01:22:34.875','2025-11-28 01:22:34.875','b6dcbe15-ec4c-4044-a38b-fa24cf98c482','ebd15e7c-ff2f-4d17-9214-bca8d7723793'),('67264e9b-8613-446b-8446-4d290899e704','2026-02-11 01:22:34.845','2026-02-14 01:22:34.845',330000,'PENDING','2025-11-28 01:22:34.845','2025-11-28 01:22:34.845','d08ecb8b-21db-4a60-8501-dc3715c1c266','ebd15e7c-ff2f-4d17-9214-bca8d7723793'),('6d3aa779-7f4f-4079-be64-ac4f7f19c4d6','2026-01-12 01:22:34.817','2026-01-17 01:22:34.817',725000,'PENDING','2025-11-28 01:22:34.818','2025-11-28 01:22:34.818','a3d0fbdb-125e-4688-8641-78321556f5d0','7fb93aab-bd9d-4753-a2e3-a269a4320f3c'),('6dffca57-b4b7-4cee-a5b0-65f943b1f1f5','2026-01-02 01:22:34.815','2026-01-08 01:22:34.815',870000,'PENDING','2025-11-28 01:22:34.815','2025-11-28 01:22:34.815','a3d0fbdb-125e-4688-8641-78321556f5d0','7fb93aab-bd9d-4753-a2e3-a269a4320f3c'),('72181c91-b911-48ab-bfe8-0a01a901e8e0','2026-04-22 01:22:34.886','2026-04-28 01:22:34.886',1020000,'PENDING','2025-11-28 01:22:34.886','2025-11-28 01:22:34.886','bf77dcde-4953-49f8-b26c-c8b89502aa3b','00825d20-dfaa-4284-a6cf-dec4d283fbfb'),('74dacf59-1b20-415f-990d-319c28121673','2026-02-26 01:22:34.854','2026-03-04 01:22:34.854',780000,'PENDING','2025-11-28 01:22:34.854','2025-11-28 01:22:34.854','4a097a32-3760-4d96-bd36-5d9245141d91','9c039add-f21f-4571-89bf-b88b0c9aa636'),('78112f04-aecd-4ad0-b811-eaea1ce651e4','2026-03-13 01:22:34.862','2026-03-18 01:22:34.862',625000,'PENDING','2025-11-28 01:22:34.862','2025-11-28 01:22:34.862','095e493d-02a0-4608-8e2e-42bc6f6b7881','3729af7a-642a-482c-a4b0-60696816da14'),('7a22fd02-c37f-47dc-9271-5d4e5e75167b','2026-04-17 01:22:34.879','2026-04-20 01:22:34.879',540000,'PENDING','2025-11-28 01:22:34.879','2025-11-28 01:22:34.879','3e6243f4-8f93-4384-9d38-175808962d68','d6bf948e-8091-4ef1-910e-e67d1dd0c78f'),('7cf5de62-cc3e-440b-99df-1218a0253197','2026-04-02 01:22:34.871','2026-04-06 01:22:34.871',460000,'PENDING','2025-11-28 01:22:34.872','2025-11-28 01:22:34.872','66870b51-ddad-40a6-8445-1960ce95b3cb','4459c222-3bbf-4161-9481-02dda6fba813'),('82ed1fb5-fdae-495e-a950-f1d2262726ab','2026-03-28 01:22:34.867','2026-04-03 01:22:34.867',1080000,'PENDING','2025-11-28 01:22:34.867','2025-11-28 01:22:34.867','bffa8ddb-3ce9-4c9f-bab4-630eea429704','a97418e0-873c-4117-9e1f-1bfa2c0305ac'),('831bfcda-db52-455f-8533-11ff18d677b4','2025-11-28 01:22:34.790','2025-12-03 01:22:34.790',600000,'PENDING','2025-11-28 01:22:34.791','2025-11-28 01:22:34.791','adb9019c-847a-4f20-a49f-70f3da49eeda','eabeda06-d74b-4250-89d6-93f15f08cc23'),('85d66059-4f75-4903-9b0c-f682c2bb5781','2026-02-06 01:22:34.838','2026-02-11 01:22:34.838',850000,'PENDING','2025-11-28 01:22:34.839','2025-11-28 01:22:34.839','03d0afd3-451f-47b0-9a14-ca1dea609c7c','a97418e0-873c-4117-9e1f-1bfa2c0305ac'),('86c6c2e9-f0cc-4c90-ad0e-ee2bd454280e','2026-01-27 01:22:34.826','2026-02-01 01:22:34.826',750000,'PENDING','2025-11-28 01:22:34.827','2025-11-28 01:22:34.827','67d79e79-110d-471d-8c79-8dea7f8d23ed','eabeda06-d74b-4250-89d6-93f15f08cc23'),('891189d2-dcb9-4484-85a8-ae61311edfb5','2026-05-02 01:22:34.893','2026-05-05 01:22:34.893',495000,'PENDING','2025-11-28 01:22:34.893','2025-11-28 01:22:34.893','7745cba9-5aef-4891-b432-9b3dec63df14','3729af7a-642a-482c-a4b0-60696816da14'),('8f245fa9-2907-4801-92e3-7aa8f1e282d8','2025-12-18 01:22:34.805','2025-12-23 01:22:34.805',700000,'PENDING','2025-11-28 01:22:34.806','2025-11-28 01:22:34.806','0824ae58-2b04-47c3-b94e-a94513f49afe','1b53c483-dd79-4261-bcec-22e909cc57d4'),('9215046a-84fc-43b5-8c56-da4d7f32b9cf','2025-12-08 01:22:34.800','2025-12-10 01:22:34.800',260000,'PENDING','2025-11-28 01:22:34.801','2025-11-28 01:22:34.801','754dc624-9902-4c13-b277-9d46e47745d7','a97418e0-873c-4117-9e1f-1bfa2c0305ac'),('958e7b41-6bf9-49b4-bf3c-7a5d219d00ca','2026-02-01 01:22:34.840','2026-02-07 01:22:34.840',1140000,'PENDING','2025-11-28 01:22:34.840','2025-11-28 01:22:34.840','0531d1af-4f66-46c2-a829-0851d754c2a2','4459c222-3bbf-4161-9481-02dda6fba813'),('9c161418-9811-447c-8ab2-954d6d825bb0','2025-12-23 01:22:34.807','2025-12-29 01:22:34.807',1020000,'PENDING','2025-11-28 01:22:34.808','2025-11-28 01:22:34.808','e28ca98b-240c-4ca8-ba78-0004a1ad7355','ebd15e7c-ff2f-4d17-9214-bca8d7723793'),('9d0bae5c-2966-4222-80c6-0e0c39dea00b','2025-12-08 01:22:34.794','2025-12-11 01:22:34.794',360000,'PENDING','2025-11-28 01:22:34.795','2025-11-28 01:22:34.795','adb9019c-847a-4f20-a49f-70f3da49eeda','eabeda06-d74b-4250-89d6-93f15f08cc23'),('9f25f279-38a6-47d8-9d83-5ff9e971499e','2026-02-01 01:22:34.831','2026-02-04 01:22:34.831',600000,'PENDING','2025-11-28 01:22:34.832','2025-11-28 01:22:34.832','d1704adb-524b-453d-90bd-c55d67bea747','3729af7a-642a-482c-a4b0-60696816da14'),('a16155a6-0800-4317-baf2-abd565a5007a','2026-03-08 01:22:34.859','2026-03-13 01:22:34.859',700000,'PENDING','2025-11-28 01:22:34.860','2025-11-28 01:22:34.860','ac216e5d-65fb-476b-ba84-1bdffe8ce891','eabeda06-d74b-4250-89d6-93f15f08cc23'),('abc66893-2740-4136-8454-6d034f8be860','2026-02-06 01:22:34.843','2026-02-11 01:22:34.843',800000,'PENDING','2025-11-28 01:22:34.843','2025-11-28 01:22:34.843','18391ab6-d1d4-400c-be0c-5249b5bafe4b','1b53c483-dd79-4261-bcec-22e909cc57d4'),('aefaef98-49b4-4a65-b2fa-e91075ef953c','2026-04-07 01:22:34.877','2026-04-11 01:22:34.877',720000,'PENDING','2025-11-28 01:22:34.877','2025-11-28 01:22:34.877','3e6243f4-8f93-4384-9d38-175808962d68','d6bf948e-8091-4ef1-910e-e67d1dd0c78f'),('bc0eb721-2b87-43e0-aae2-4e7e50e7d1a2','2025-12-13 01:22:34.797','2025-12-16 01:22:34.797',450000,'PENDING','2025-11-28 01:22:34.798','2025-11-28 01:22:34.798','021ab18c-c49e-4a56-a541-71f79b510e8d','3729af7a-642a-482c-a4b0-60696816da14'),('cd79d558-b709-4a3e-b1ca-92e61740024e','2026-04-27 01:22:34.888','2026-04-29 01:22:34.888',300000,'PENDING','2025-11-28 01:22:34.889','2025-11-28 01:22:34.889','4d002044-ca86-4b82-8036-0c7a4c680c7f','eabeda06-d74b-4250-89d6-93f15f08cc23'),('d5fb8610-2631-4cb9-8a49-c4448eaa2af6','2026-01-12 01:22:34.821','2026-01-15 01:22:34.821',540000,'PENDING','2025-11-28 01:22:34.822','2025-11-28 01:22:34.822','b23e434d-1e53-4caf-a34b-627a5e277352','00825d20-dfaa-4284-a6cf-dec4d283fbfb'),('d7053870-8274-4d90-bf2c-f43046a413cf','2026-03-03 01:22:34.857','2026-03-06 01:22:34.857',480000,'PENDING','2025-11-28 01:22:34.858','2025-11-28 01:22:34.858','2e485330-cff4-434a-bc1c-6f75473e5a2b','00825d20-dfaa-4284-a6cf-dec4d283fbfb'),('d7055db6-9559-463b-a436-a2abd99de11a','2026-03-23 01:22:34.869','2026-03-29 01:22:34.869',690000,'PENDING','2025-11-28 01:22:34.869','2025-11-28 01:22:34.869','66870b51-ddad-40a6-8445-1960ce95b3cb','4459c222-3bbf-4161-9481-02dda6fba813'),('e25f04c5-4e2d-4f0e-a943-46ba18a2c383','2026-03-28 01:22:34.872','2026-03-31 01:22:34.872',480000,'PENDING','2025-11-28 01:22:34.873','2025-11-28 01:22:34.873','b3e88462-0ca5-4dc3-82a2-550423180e00','1b53c483-dd79-4261-bcec-22e909cc57d4'),('eeae2b82-0a65-468b-91e7-91af8d155245','2026-02-16 01:22:34.847','2026-02-21 01:22:34.847',1100000,'PENDING','2025-11-28 01:22:34.848','2025-11-28 01:22:34.848','23203991-d8c6-4812-a800-399fd5dece4c','d6bf948e-8091-4ef1-910e-e67d1dd0c78f'),('ef2467c9-a736-4c0b-b807-f7a0a55d2d44','2026-02-21 01:22:34.853','2026-02-27 01:22:34.853',1500000,'PENDING','2025-11-28 01:22:34.853','2025-11-28 01:22:34.853','d5eeec2a-f0e3-49d6-9c18-4e5b1980b273','7fb93aab-bd9d-4753-a2e3-a269a4320f3c'),('efde4c07-6212-4929-a523-b264fab79990','2025-12-28 01:22:34.812','2026-01-01 01:22:34.812',620000,'PENDING','2025-11-28 01:22:34.813','2025-11-28 01:22:34.813','b598e46b-ed8a-4ff2-95d7-f008654bd1d2','d6bf948e-8091-4ef1-910e-e67d1dd0c78f'),('f31f02cc-972c-4b0b-b837-03346aa817f8','2026-04-12 01:22:34.881','2026-04-15 01:22:34.881',600000,'PENDING','2025-11-28 01:22:34.882','2025-11-28 01:22:34.882','f5e4d0b2-f777-4324-b559-3942a8e87c4e','7fb93aab-bd9d-4753-a2e3-a269a4320f3c'),('fefc69bb-d951-41e4-8248-6f29f20aaac5','2026-01-22 01:22:34.829','2026-01-24 01:22:34.829',400000,'PENDING','2025-11-28 01:22:34.830','2025-11-28 01:22:34.830','d1704adb-524b-453d-90bd-c55d67bea747','3729af7a-642a-482c-a4b0-60696816da14'),('ff7bbb71-3ab0-4fa7-8f93-918ec555b4f3','2026-01-17 01:22:34.819','2026-01-23 01:22:34.819',810000,'PENDING','2025-11-28 01:22:34.820','2025-11-28 01:22:34.820','8b45eb80-5f4e-4aac-94f6-74e1b80dc090','9c039add-f21f-4571-89bf-b88b0c9aa636');
/*!40000 ALTER TABLE `Booking` ENABLE KEYS */;
UNLOCK TABLES;

--
-- Table structure for table `Image`
--

DROP TABLE IF EXISTS `Image`;
/*!40101 SET @saved_cs_client     = @@character_set_client */;
/*!50503 SET character_set_client = utf8mb4 */;
CREATE TABLE `Image` (
  `id` varchar(191) COLLATE utf8mb4_unicode_ci NOT NULL,
  `url` varchar(191) COLLATE utf8mb4_unicode_ci NOT NULL,
  `createdAt` datetime(3) NOT NULL DEFAULT CURRENT_TIMESTAMP(3),
  `roomId` varchar(191) COLLATE utf8mb4_unicode_ci NOT NULL,
  PRIMARY KEY (`id`),
  KEY `Image_roomId_fkey` (`roomId`),
  CONSTRAINT `Image_roomId_fkey` FOREIGN KEY (`roomId`) REFERENCES `Room` (`id`) ON DELETE CASCADE ON UPDATE CASCADE
) ENGINE=InnoDB DEFAULT CHARSET=utf8mb4 COLLATE=utf8mb4_unicode_ci;
/*!40101 SET character_set_client = @saved_cs_client */;

--
-- Dumping data for table `Image`
--

LOCK TABLES `Image` WRITE;
/*!40000 ALTER TABLE `Image` DISABLE KEYS */;
INSERT INTO `Image` VALUES ('009a3d15-92b7-4368-9a5c-01756a651d27','https://res.cloudinary.com/dqvnc7aht/image/upload/v1763085712/25db9eba-3dda-412d-b3a9-b32791a810be_e0mom0.jpg','2025-11-28 01:22:34.768','66870b51-ddad-40a6-8445-1960ce95b3cb'),('01c1b824-8f9a-4df6-b534-6478854245b3','https://res.cloudinary.com/dqvnc7aht/image/upload/v1763088504/75c08503-1317-4fd9-af60-32c611089e50_nnmkcr.jpg','2025-11-28 01:22:34.741','03d0afd3-451f-47b0-9a14-ca1dea609c7c'),('021f6e36-c29a-47d4-bd27-080a894de3cb','https://res.cloudinary.com/dqvnc7aht/image/upload/v1763085740/5f461913-5578-4c0e-846d-3f18118e2b83_qoes1s.jpg','2025-11-28 01:22:34.768','66870b51-ddad-40a6-8445-1960ce95b3cb'),('05b9f30d-ff5c-4d85-be71-d14edfbf4b02','https://res.cloudinary.com/dqvnc7aht/image/upload/v1763085566/378a910d-d89a-4ce2-9178-d42822e8fba4_c22o6o.jpg','2025-11-28 01:22:34.766','bffa8ddb-3ce9-4c9f-bab4-630eea429704'),('06223d56-289e-4bb3-8edb-e78008d6f7f7','https://res.cloudinary.com/dqvnc7aht/image/upload/v1763086736/72056749-6bf7-45a1-ae7e-6d2bf59c47b8_tkugfs.jpg','2025-11-28 01:22:34.717','754dc624-9902-4c13-b277-9d46e47745d7'),('074b321c-679e-4c54-b75b-f5364a77754b','https://res.cloudinary.com/dqvnc7aht/image/upload/v1763083268/f45049ae-de43-4e07-ad03-0656221637c0_iij8w1.jpg','2025-11-28 01:22:34.778','3e6243f4-8f93-4384-9d38-175808962d68'),('07625c8e-c182-4767-a175-996818d34a18','https://res.cloudinary.com/dqvnc7aht/image/upload/v1763085750/140da1b6-064a-4a8e-bfac-f83d2815252f_yhrdo1.jpg','2025-11-28 01:22:34.768','66870b51-ddad-40a6-8445-1960ce95b3cb'),('0b38185e-04ac-470d-8aa1-c22a23f0e552','https://res.cloudinary.com/dqvnc7aht/image/upload/v1763085268/378c9a3d-f873-401b-b710-fa1884144a0f_qdcpoq.jpg','2025-11-28 01:22:34.760','ac216e5d-65fb-476b-ba84-1bdffe8ce891'),('0beee7ef-8a4e-4bdc-a337-6f645f77744d','https://res.cloudinary.com/dqvnc7aht/image/upload/v1763083629/ca01f4b3-7fac-4d4f-a99b-4f28d3dffb65_ekphhy.jpg','2025-11-28 01:22:34.782','cc0b7713-eb1a-4ef8-97c1-cfa54d560219'),('0d1662f4-efcc-43e2-8019-255821dd9ceb','https://res.cloudinary.com/dqvnc7aht/image/upload/v1763087487/6411cbd7-435a-460c-b3c4-f6c3ee779fda_hstowf.jpg','2025-11-28 01:22:34.727','b598e46b-ed8a-4ff2-95d7-f008654bd1d2'),('0d5da6b0-e245-4daa-8fca-475b5b687a6f','https://res.cloudinary.com/dqvnc7aht/image/upload/v1763090957/94d7f931-17f1-466c-b973-6f4932fc10ae_scqciy.jpg','2025-11-28 01:22:34.715','021ab18c-c49e-4a56-a541-71f79b510e8d'),('0ec911c8-8501-4662-897f-eddc451bd316','https://res.cloudinary.com/dqvnc7aht/image/upload/v1763085669/e60b26fe-7d02-49a9-986a-0b168427b0d2_eqhevt.jpg','2025-11-28 01:22:34.768','66870b51-ddad-40a6-8445-1960ce95b3cb'),('0efcc2b6-de21-495f-a18e-e3091dccbf66','https://res.cloudinary.com/dqvnc7aht/image/upload/v1763087448/17c0cc8f-982e-48ef-be76-339a10201f8d_dgdl5q.jpg','2025-11-28 01:22:34.727','b598e46b-ed8a-4ff2-95d7-f008654bd1d2'),('11fb5588-e15d-4af0-b73a-fb9f9aa6b95b','https://res.cloudinary.com/dqvnc7aht/image/upload/v1763090559/58b19c9d-040d-4695-bc7f-df4bd4812194_vlxlfn.jpg','2025-11-28 01:22:34.752','d5eeec2a-f0e3-49d6-9c18-4e5b1980b273'),('12ba148c-ceeb-4721-968a-c8c888fb5a6d','https://res.cloudinary.com/dqvnc7aht/image/upload/v1763088539/13cb9120-8d22-4012-94d7-65751507111d_qxp6n8.jpg','2025-11-28 01:22:34.741','03d0afd3-451f-47b0-9a14-ca1dea609c7c'),('12c72985-e9a3-4b0d-a060-8c34e3626445','https://res.cloudinary.com/dqvnc7aht/image/upload/v1763083300/4f971417-c0a0-421c-bf8a-cf569b4dffef_pjb2eh.jpg','2025-11-28 01:22:34.778','3e6243f4-8f93-4384-9d38-175808962d68'),('12fc5bcc-50c0-4770-80b9-0cb26cb1aab0','https://res.cloudinary.com/dqvnc7aht/image/upload/v1763090443/ff7d0eb5-31ec-4243-9b09-cc447ff1eb94_owvatt.jpg','2025-11-28 01:22:34.750','23203991-d8c6-4812-a800-399fd5dece4c'),('13069e62-37c2-47fe-a9d4-6ba18cc2f02e','https://res.cloudinary.com/dqvnc7aht/image/upload/v1763088681/c4b0c3cd-0349-4068-9eb5-025182ade066_o7ye1x.jpg','2025-11-28 01:22:34.741','03d0afd3-451f-47b0-9a14-ca1dea609c7c'),('140345f5-964e-4b04-9b31-d92505127758','https://res.cloudinary.com/dqvnc7aht/image/upload/v1763089727/60768b4e-d750-4cb7-9ee8-0d67d538d577_nyrol7.jpg','2025-11-28 01:22:34.744','0531d1af-4f66-46c2-a829-0851d754c2a2'),('14e99016-f6b7-4f45-bb42-cefaf1c55b31','https://res.cloudinary.com/dqvnc7aht/image/upload/v1763084476/b8541f40-f4cc-400b-b2c9-4c7700c2213d_hc0mhc.jpg','2025-11-28 01:22:34.788','7745cba9-5aef-4891-b432-9b3dec63df14'),('15b68f4b-0a40-4907-a61d-bc840e17714c','https://res.cloudinary.com/dqvnc7aht/image/upload/v1763083311/f60fc98e-0862-4388-95f8-040ec7290640_z5d8vm.jpg','2025-11-28 01:22:34.778','3e6243f4-8f93-4384-9d38-175808962d68'),('172f1302-e70d-4d7f-9889-b6a079568803','https://res.cloudinary.com/dqvnc7aht/image/upload/v1763083651/d891f742-2df9-4d56-adf9-118196078fd0_pin83o.jpg','2025-11-28 01:22:34.782','cc0b7713-eb1a-4ef8-97c1-cfa54d560219'),('1732cb4c-8e3b-45e3-950c-91af9c256b99','https://res.cloudinary.com/dqvnc7aht/image/upload/v1763083093/53123ca9-e07a-40ea-9f28-9daa9b65233e_b3o3jr.jpg','2025-11-28 01:22:34.773','b6dcbe15-ec4c-4044-a38b-fa24cf98c482'),('1815400c-5b2c-414a-a89c-88793b10ba35','https://res.cloudinary.com/dqvnc7aht/image/upload/v1763086955/e81859ae-f5cc-4c9e-b49c-1e7b5f889d64_kglr7r.jpg','2025-11-28 01:22:34.722','0824ae58-2b04-47c3-b94e-a94513f49afe'),('18b92b7c-6db7-4656-a959-e3710b8ee6f3','https://res.cloudinary.com/dqvnc7aht/image/upload/v1763085459/0e9a69e4-e2d0-4594-b472-ed89f71e75dd_kdfpcx.jpg','2025-11-28 01:22:34.766','bffa8ddb-3ce9-4c9f-bab4-630eea429704'),('18ca5115-4b79-4663-803e-67f36373306a','https://res.cloudinary.com/dqvnc7aht/image/upload/v1763090172/32ef2df8-c75c-433b-b443-e81cac9ab8a8_h69zcj.jpg','2025-11-28 01:22:34.746','18391ab6-d1d4-400c-be0c-5249b5bafe4b'),('18d7d28b-e5db-4960-b1e1-be4eb6758d6b','https://res.cloudinary.com/dqvnc7aht/image/upload/v1763088665/0dfd3fad-3749-4c41-bd7f-7af6f53d9d27_rqpikw.jpg','2025-11-28 01:22:34.741','03d0afd3-451f-47b0-9a14-ca1dea609c7c'),('194e30bf-cb09-4cad-9fac-2b4e67a39a70','https://res.cloudinary.com/dqvnc7aht/image/upload/v1763090378/ba39ffc0-8d36-4c0f-9c2b-97c6131f6ca0_fwifhu.jpg','2025-11-28 01:22:34.748','d08ecb8b-21db-4a60-8501-dc3715c1c266'),('1b4c3ae5-9f23-4d40-a334-d296bcc4b681','https://res.cloudinary.com/dqvnc7aht/image/upload/v1763082992/7c213830-64b4-4119-974c-3dfe74666111_drdkah.jpg','2025-11-28 01:22:34.771','b3e88462-0ca5-4dc3-82a2-550423180e00'),('1c42137e-ceb3-4618-9f89-57e37f3e6ade','https://res.cloudinary.com/dqvnc7aht/image/upload/v1763088042/737fc7f1-0209-426e-91a5-a0a480cc47e6_sfujqe.jpg','2025-11-28 01:22:34.733','b23e434d-1e53-4caf-a34b-627a5e277352'),('1cb68c3a-16c1-4e4d-8f8f-d1d7945fba79','https://res.cloudinary.com/dqvnc7aht/image/upload/v1763089899/e551f0ed-aabe-48e9-83d4-f53ddf0392b0_brp7up.jpg','2025-11-28 01:22:34.744','0531d1af-4f66-46c2-a829-0851d754c2a2'),('1d7320de-8199-4d03-adc4-80a9ce2572dc','https://res.cloudinary.com/dqvnc7aht/image/upload/v1763083394/16587f8a-d8dd-48f6-b4ce-1df9df36e13e_qiv3gz.jpg','2025-11-28 01:22:34.780','f5e4d0b2-f777-4324-b559-3942a8e87c4e'),('1e311b21-e265-44ef-aab3-33361768e0a6','https://res.cloudinary.com/dqvnc7aht/image/upload/v1763083259/9050c570-a0e9-4006-b8f9-9850e870dca1_fnb33u.jpg','2025-11-28 01:22:34.778','3e6243f4-8f93-4384-9d38-175808962d68'),('20f16ca4-4110-456d-ac82-1a705191f61f','https://res.cloudinary.com/dqvnc7aht/image/upload/v1763085364/d2375628-fe46-46ce-a3c8-4c1b9704f7be_a91i5x.jpg','2025-11-28 01:22:34.762','095e493d-02a0-4608-8e2e-42bc6f6b7881'),('218a7d5a-edd7-428d-b144-e846b4bb5b27','https://res.cloudinary.com/dqvnc7aht/image/upload/v1763088444/a97425d3-99e1-4889-9af3-c3aea1c8d8c4_f2vetu.jpg','2025-11-28 01:22:34.741','03d0afd3-451f-47b0-9a14-ca1dea609c7c'),('22077e15-5520-4677-a481-299febc4ae84','https://res.cloudinary.com/dqvnc7aht/image/upload/v1763090255/d92a4734-6657-4dbc-a5a2-09921d1d6e33_tdcacj.jpg','2025-11-28 01:22:34.746','18391ab6-d1d4-400c-be0c-5249b5bafe4b'),('22544ea0-ab6b-44b0-9d08-527fd92ba9a2','https://res.cloudinary.com/dqvnc7aht/image/upload/v1763090394/09d2acc4-0a6c-4826-828e-18b40b1fc4b1_rka59t.jpg','2025-11-28 01:22:34.748','d08ecb8b-21db-4a60-8501-dc3715c1c266'),('2287312e-ed5c-48aa-9110-c759f14abcf0','https://res.cloudinary.com/dqvnc7aht/image/upload/v1763085645/a0ad2da2-f35d-4e68-8e4b-dcd19e4da7e0_mlqmak.jpg','2025-11-28 01:22:34.768','66870b51-ddad-40a6-8445-1960ce95b3cb'),('232c3fa2-2a12-471f-82f8-d33e25edb200','https://res.cloudinary.com/dqvnc7aht/image/upload/v1763087625/a808a16a-9af4-4c99-b498-5d67431c4c41_b6qo06.jpg','2025-11-28 01:22:34.729','a3d0fbdb-125e-4688-8641-78321556f5d0'),('245855ab-a580-4490-bfd9-f9302c8ce2fd','https://res.cloudinary.com/dqvnc7aht/image/upload/v1763083945/01ea8305-69b8-4a51-84b8-3f80f88bfdbb_d1p6rn.jpg','2025-11-28 01:22:34.786','4d002044-ca86-4b82-8036-0c7a4c680c7f'),('252b757c-378c-4806-82e0-a7f36a87f1e1','https://res.cloudinary.com/dqvnc7aht/image/upload/v1763085656/deb46c2f-5a12-4e61-afa0-24243443c76b_gyb9cv.jpg','2025-11-28 01:22:34.768','66870b51-ddad-40a6-8445-1960ce95b3cb'),('2633d98c-9aa5-4197-99e8-cf6364a14bc4','https://res.cloudinary.com/dqvnc7aht/image/upload/v1763083086/9736dc46-afea-44fe-8724-b10d02023cec_agzpmx.jpg','2025-11-28 01:22:34.773','b6dcbe15-ec4c-4044-a38b-fa24cf98c482'),('265f566e-8b71-45b2-a5af-1d4740e0fe37','https://res.cloudinary.com/dqvnc7aht/image/upload/v1763086824/779f842d-72fc-4507-b199-eff77bbe4642_dg5ja1.jpg','2025-11-28 01:22:34.719','964548cc-286b-4cc2-b97b-10c5ce1df2a8'),('27a6d589-f2f0-4e72-b0e0-65cb32a2cc30','https://res.cloudinary.com/dqvnc7aht/image/upload/v1763087137/8fad96b4-0b0e-4f96-a53c-8a1a029aebcb_vvnshc.jpg','2025-11-28 01:22:34.724','e28ca98b-240c-4ca8-ba78-0004a1ad7355'),('29f5b428-bfff-4a31-927a-0b5820f535b1','https://res.cloudinary.com/dqvnc7aht/image/upload/v1763090871/fabb0a88-ebb5-4f6a-92d1-10086f6f680a_jmst2s.jpg','2025-11-28 01:22:34.712','adb9019c-847a-4f20-a49f-70f3da49eeda'),('2b1a453d-e562-49f7-85d8-4f36e1963433','https://res.cloudinary.com/dqvnc7aht/image/upload/v1763087247/208eec42-988b-4492-95ae-594baacccd1c_hzbqju.jpg','2025-11-28 01:22:34.727','b598e46b-ed8a-4ff2-95d7-f008654bd1d2'),('2b6787f5-ce91-468f-a1dd-5ed2b8dde31d','https://res.cloudinary.com/dqvnc7aht/image/upload/v1763085016/216e35ab-3f7e-4a6f-b98d-beeb8e983ca1_inhonu.jpg','2025-11-28 01:22:34.758','2e485330-cff4-434a-bc1c-6f75473e5a2b'),('2c31796d-3f84-4f90-9e81-8b1eab8c8b6c','https://res.cloudinary.com/dqvnc7aht/image/upload/v1763086793/ea2d978b-a6ef-466c-ba0b-6eef0d3e18f2_jco9qu.jpg','2025-11-28 01:22:34.717','754dc624-9902-4c13-b277-9d46e47745d7'),('2c8b699b-e82c-4a9b-8c2a-add4514bb83e','https://res.cloudinary.com/dqvnc7aht/image/upload/v1763086770/50f912f2-ab02-4eb6-98a6-320a2065053f_yybrrm.jpg','2025-11-28 01:22:34.717','754dc624-9902-4c13-b277-9d46e47745d7'),('2cff0a32-cc9c-4b4e-b3e5-5d957eac8a99','https://res.cloudinary.com/dqvnc7aht/image/upload/v1763085681/9b66ff08-aafb-4997-9eb4-c1b5a1196a79_m10q7q.jpg','2025-11-28 01:22:34.768','66870b51-ddad-40a6-8445-1960ce95b3cb'),('2e9b3fec-ba7e-43ac-906a-dd637a5c65d9','https://res.cloudinary.com/dqvnc7aht/image/upload/v1763086747/32e39ba7-bb89-4c9a-a469-25cbcf555e2e_fshkoq.jpg','2025-11-28 01:22:34.717','754dc624-9902-4c13-b277-9d46e47745d7'),('2f6482e8-58a9-4f37-b0a5-ce45e30ea497','https://res.cloudinary.com/dqvnc7aht/image/upload/v1763083679/b0f61cf9-d3b6-4eaf-af11-54d2afd5a2be_gno9j1.jpg','2025-11-28 01:22:34.785','bf77dcde-4953-49f8-b26c-c8b89502aa3b'),('30bf69a7-bdab-4afe-8f22-883a6e5b3bd8','https://res.cloudinary.com/dqvnc7aht/image/upload/v1763090898/e6488b18-5f46-49d8-a1c5-06e85f9c1932_d5hdcp.jpg','2025-11-28 01:22:34.715','021ab18c-c49e-4a56-a541-71f79b510e8d'),('327759fb-064b-45bb-a5d3-93c43f8d72e0','https://res.cloudinary.com/dqvnc7aht/image/upload/v1763088269/9738f016-f3f4-45da-b2e0-892f3de17baa_r3rr2q.jpg','2025-11-28 01:22:34.736','67d79e79-110d-471d-8c79-8dea7f8d23ed'),('348e3f77-3325-4763-adc3-6e20fc4faf79','https://res.cloudinary.com/dqvnc7aht/image/upload/v1763087123/28f2738b-63cb-40dc-bbfb-7fcd6893e2b8_w3s3ep.jpg','2025-11-28 01:22:34.724','e28ca98b-240c-4ca8-ba78-0004a1ad7355'),('355613ea-b2c8-4745-8c9e-532ef34122a8','https://res.cloudinary.com/dqvnc7aht/image/upload/v1763087233/a2cd803d-1b16-437e-a5af-19bba5685296_t3hptf.jpg','2025-11-28 01:22:34.727','b598e46b-ed8a-4ff2-95d7-f008654bd1d2'),('365af3a7-003c-4fac-b423-5982276b78cf','https://res.cloudinary.com/dqvnc7aht/image/upload/v1763088472/670e0aca-c50b-45a4-843f-2ca68fc654ed_ox8rmo.jpg','2025-11-28 01:22:34.741','03d0afd3-451f-47b0-9a14-ca1dea609c7c'),('38827b37-8c6f-4153-aea1-c7b3b77b5fff','https://res.cloudinary.com/dqvnc7aht/image/upload/v1763090593/673d4196-420a-47d0-998c-902df1c879dc_wxsrps.jpg','2025-11-28 01:22:34.752','d5eeec2a-f0e3-49d6-9c18-4e5b1980b273'),('38d1a77d-9582-401e-9c61-07cf79a75ab7','https://res.cloudinary.com/dqvnc7aht/image/upload/v1763090625/2b420e7a-6fd4-4806-a70c-10d588ea8817_h8rd9f.jpg','2025-11-28 01:22:34.752','d5eeec2a-f0e3-49d6-9c18-4e5b1980b273'),('3a25b4a9-d9ab-4872-b186-52b7d5cd7a25','https://res.cloudinary.com/dqvnc7aht/image/upload/v1763083305/015f8b77-cff1-4d06-8f33-0a247f76b787_pr0pnw.jpg','2025-11-28 01:22:34.778','3e6243f4-8f93-4384-9d38-175808962d68'),('3a6bacfc-33ac-4242-9172-89282faf5921','https://res.cloudinary.com/dqvnc7aht/image/upload/v1763088490/08f81890-82e5-4b52-9390-af382d60820b_vfdslv.jpg','2025-11-28 01:22:34.741','03d0afd3-451f-47b0-9a14-ca1dea609c7c'),('3aceca7d-53fa-4984-9213-43e2648c7b91','https://res.cloudinary.com/dqvnc7aht/image/upload/v1763083769/a7bbf797-d4eb-4afa-be58-e2731258b87a_qocqqi.jpg','2025-11-28 01:22:34.786','4d002044-ca86-4b82-8036-0c7a4c680c7f'),('3ed5c1ac-762e-44b3-b72c-7ebc178ca322','https://res.cloudinary.com/dqvnc7aht/image/upload/v1763085634/f9201116-3c13-4bd3-b2c4-5f1ecd0277fd_it6q9v.jpg','2025-11-28 01:22:34.768','66870b51-ddad-40a6-8445-1960ce95b3cb'),('3f1f9ee0-aa56-4d45-b2d3-16cb4231030c','https://res.cloudinary.com/dqvnc7aht/image/upload/v1763088025/0b369f90-1c8f-4628-a567-220d8ea52cec_ujv6a7.jpg','2025-11-28 01:22:34.733','b23e434d-1e53-4caf-a34b-627a5e277352'),('41cdf35e-fb56-47dd-b2ed-9f0bceed28b2','https://res.cloudinary.com/dqvnc7aht/image/upload/v1763090500/2874c9f8-f088-4ab1-aaac-0988cd2a1471_btcaup.jpg','2025-11-28 01:22:34.750','23203991-d8c6-4812-a800-399fd5dece4c'),('449ef66f-a114-481a-84ff-8a4210aad2f9','https://res.cloudinary.com/dqvnc7aht/image/upload/v1763083059/5708ee4a-7493-4fd3-9738-632209b6018d_ibrnxh.jpg','2025-11-28 01:22:34.773','b6dcbe15-ec4c-4044-a38b-fa24cf98c482'),('45839be2-8fb3-42ce-b00a-ff457eec4eb8','https://res.cloudinary.com/dqvnc7aht/image/upload/v1763090576/7774ca0a-516e-4a20-bbd8-ab730b23410e_fz4oz5.jpg','2025-11-28 01:22:34.752','d5eeec2a-f0e3-49d6-9c18-4e5b1980b273'),('464d25ca-e984-47b8-97d7-cb46830f1def','https://res.cloudinary.com/dqvnc7aht/image/upload/v1763088328/991cf792-0881-432c-b42a-fb998340688c_cudlpo.jpg','2025-11-28 01:22:34.739','d1704adb-524b-453d-90bd-c55d67bea747'),('48476f8d-2384-40ac-8ec3-9f7289a68914','https://res.cloudinary.com/dqvnc7aht/image/upload/v1763083376/e24d5867-478c-4aa7-bed8-630a8bb2365a_or2hqk.jpg','2025-11-28 01:22:34.780','f5e4d0b2-f777-4324-b559-3942a8e87c4e'),('487a9284-b069-4a71-a2d3-046909067467','https://res.cloudinary.com/dqvnc7aht/image/upload/v1763087435/604de4a3-4427-4c6b-8c70-8c746e3aca51_tz7z3w.jpg','2025-11-28 01:22:34.727','b598e46b-ed8a-4ff2-95d7-f008654bd1d2'),('48848b09-724b-46ec-afe6-a5dc4d1598ae','https://res.cloudinary.com/dqvnc7aht/image/upload/v1763086873/7da907b5-7b61-4a75-a342-4660dd107cfa_ipg9km.jpg','2025-11-28 01:22:34.719','964548cc-286b-4cc2-b97b-10c5ce1df2a8'),('4a2af5fd-edde-4176-89a6-d6520faed7e6','https://res.cloudinary.com/dqvnc7aht/image/upload/v1763083619/002432f7-7e22-4ac7-be23-d39b385d3d7f_ma5sip.jpg','2025-11-28 01:22:34.782','cc0b7713-eb1a-4ef8-97c1-cfa54d560219'),('4b17049e-a1f6-449e-902c-ef46dea98637','https://res.cloudinary.com/dqvnc7aht/image/upload/v1763087534/25d26c25-c16b-4916-93ba-59e85cf5b0cd_hxz3lr.jpg','2025-11-28 01:22:34.729','a3d0fbdb-125e-4688-8641-78321556f5d0'),('4e41a232-ddef-43b7-8fbd-f19c1dd6c3a5','https://res.cloudinary.com/dqvnc7aht/image/upload/v1763087855/f082f5b2-12a5-436a-9265-19bc07cde7d5_t65sak.jpg','2025-11-28 01:22:34.731','8b45eb80-5f4e-4aac-94f6-74e1b80dc090'),('4ea81f21-5e4d-4d68-b3f9-485760e8db66','https://res.cloudinary.com/dqvnc7aht/image/upload/v1763084434/288dfa5e-eb70-4f10-b90c-1fa96e2039c3_cs6lvd.jpg','2025-11-28 01:22:34.788','7745cba9-5aef-4891-b432-9b3dec63df14'),('4eeb1797-5f70-4c7f-afa9-7eec5208f257','https://res.cloudinary.com/dqvnc7aht/image/upload/v1763086759/37777100-a26a-49cf-b485-f4475c8171b4_mq7f12.jpg','2025-11-28 01:22:34.717','754dc624-9902-4c13-b277-9d46e47745d7'),('4fbdc489-9d07-4ae7-ab35-b0ee912d2084','https://res.cloudinary.com/dqvnc7aht/image/upload/v1763085540/d6345bf6-f4dd-4318-9b67-42adc5cb2b30_sarxrv.jpg','2025-11-28 01:22:34.766','bffa8ddb-3ce9-4c9f-bab4-630eea429704'),('504c307b-ede8-4307-b12d-b9947e51506c','https://res.cloudinary.com/dqvnc7aht/image/upload/v1763086885/cbaf6b11-c1f9-4b93-9376-bd74af066dc8_gwiud5.jpg','2025-11-28 01:22:34.719','964548cc-286b-4cc2-b97b-10c5ce1df2a8'),('51a28f46-9bdf-426d-aeb4-10ff6b26f520','https://res.cloudinary.com/dqvnc7aht/image/upload/v1763090778/1b5c5ac9-0b62-4119-ba0e-7245d200c750_lour7c.jpg','2025-11-28 01:22:34.712','adb9019c-847a-4f20-a49f-70f3da49eeda'),('520c32e8-cf26-4420-8f66-667af1b73b1f','https://res.cloudinary.com/dqvnc7aht/image/upload/v1763090607/4d312c00-234a-45bc-9d75-f38fcdb6aac5_ovjrtw.jpg','2025-11-28 01:22:34.752','d5eeec2a-f0e3-49d6-9c18-4e5b1980b273'),('52e5af80-5261-43b9-8a88-7e0807b904b4','https://res.cloudinary.com/dqvnc7aht/image/upload/v1763082998/76914ae7-edc0-426d-a31b-c07a13c6a83a_fawwvi.jpg','2025-11-28 01:22:34.771','b3e88462-0ca5-4dc3-82a2-550423180e00'),('551fbd07-5670-4cfb-9909-528f29bdf85a','https://res.cloudinary.com/dqvnc7aht/image/upload/v1763082928/e751aff4-cc91-4f1e-9f30-7244a7d2f184_kafxas.jpg','2025-11-28 01:22:34.771','b3e88462-0ca5-4dc3-82a2-550423180e00'),('55783826-5b84-46e1-9053-d7bce9e451f6','https://res.cloudinary.com/dqvnc7aht/image/upload/v1763085488/3cf07927-2acd-4c76-9b59-88604d9a6929_ah5fby.jpg','2025-11-28 01:22:34.766','bffa8ddb-3ce9-4c9f-bab4-630eea429704'),('56d60464-ce19-49dc-b6ba-fd3612bcb299','https://res.cloudinary.com/dqvnc7aht/image/upload/v1763090062/06100321-721c-4675-ad16-822e32884348_xe99o0.jpg','2025-11-28 01:22:34.746','18391ab6-d1d4-400c-be0c-5249b5bafe4b'),('5719b5ca-3db9-4e33-85b3-beabf9b6b1b2','https://res.cloudinary.com/dqvnc7aht/image/upload/v1763089658/b82eb70c-8f63-432d-bf02-7524f431e58a_sr0tt7.jpg','2025-11-28 01:22:34.744','0531d1af-4f66-46c2-a829-0851d754c2a2'),('57bb898c-e547-4f1b-9b00-08ee91d930ca','https://res.cloudinary.com/dqvnc7aht/image/upload/v1763085434/691b50ba-1375-4173-94b6-e98d0aeb6dcd_g2kqzs.jpg','2025-11-28 01:22:34.766','bffa8ddb-3ce9-4c9f-bab4-630eea429704'),('5802722d-dc23-404c-8f83-86f7d2acc597','https://res.cloudinary.com/dqvnc7aht/image/upload/v1763082866/ad6dc406-3f2b-461a-808e-930a29719a29_cwryfs.jpg','2025-11-28 01:22:34.771','b3e88462-0ca5-4dc3-82a2-550423180e00'),('58d6f8fa-275b-424e-9a45-9d327d2b0221','https://res.cloudinary.com/dqvnc7aht/image/upload/v1763086994/9efd8d73-0978-437b-8e76-a0013c07ee61_levxu2.jpg','2025-11-28 01:22:34.722','0824ae58-2b04-47c3-b94e-a94513f49afe'),('58e7fb43-5570-4728-838d-7d0dffa63446','https://res.cloudinary.com/dqvnc7aht/image/upload/v1763088303/997b9211-d69f-4529-8ac1-7022eae62b0c_cwgkie.jpg','2025-11-28 01:22:34.739','d1704adb-524b-453d-90bd-c55d67bea747'),('5bda9f87-18ea-4a08-9f9e-53c97cd5d407','https://res.cloudinary.com/dqvnc7aht/image/upload/v1763084498/2d91e80b-ba5c-45d3-818a-31ad314b43d7_zul2iu.jpg','2025-11-28 01:22:34.788','7745cba9-5aef-4891-b432-9b3dec63df14'),('5ccd57e3-2dd9-424d-a132-35a0da12163c','https://res.cloudinary.com/dqvnc7aht/image/upload/v1763083666/e3f62bc2-ff59-4deb-afcd-98f21d26ae48_nvi4ed.jpg','2025-11-28 01:22:34.782','cc0b7713-eb1a-4ef8-97c1-cfa54d560219'),('5d359b4e-7fdc-4025-9350-3cbd01764128','https://res.cloudinary.com/dqvnc7aht/image/upload/v1763088404/2c8d1958-7176-49f0-983d-d760df8c3f53_dhls9c.jpg','2025-11-28 01:22:34.739','d1704adb-524b-453d-90bd-c55d67bea747'),('5ec754f7-fa43-4a34-971e-ec809ad9311e','https://res.cloudinary.com/dqvnc7aht/image/upload/v1763085232/cea6db06-54e7-4100-a395-06849d4df5b0_ofae6z.jpg','2025-11-28 01:22:34.760','ac216e5d-65fb-476b-ba84-1bdffe8ce891'),('5f1c6bc7-5f9e-41f2-b55b-c4b68e125fc5','https://res.cloudinary.com/dqvnc7aht/image/upload/v1763085211/2950a979-572e-4fc6-b729-c6c89aba61e9_ymyjbj.jpg','2025-11-28 01:22:34.760','ac216e5d-65fb-476b-ba84-1bdffe8ce891'),('5f5207f0-1296-481f-9c67-cb98cfd134ff','https://res.cloudinary.com/dqvnc7aht/image/upload/v1763084554/132d0a30-8bf9-4f83-8aa5-16732c6d0be4_dflpqz.jpg','2025-11-28 01:22:34.755','4a097a32-3760-4d96-bd36-5d9245141d91'),('61d6b329-41e5-48c2-a49b-33ac2fe17dd6','https://res.cloudinary.com/dqvnc7aht/image/upload/v1763085201/33d364d9-aabb-41b5-95bb-2e618a76691b_zdug4p.jpg','2025-11-28 01:22:34.760','ac216e5d-65fb-476b-ba84-1bdffe8ce891'),('624e52ca-aeb8-40b1-a65f-f6d0e2317e91','https://res.cloudinary.com/dqvnc7aht/image/upload/v1763090831/9e72986a-4fe9-4fb0-96bc-d3d8e878ab1d_lkgvgj.jpg','2025-11-28 01:22:34.712','adb9019c-847a-4f20-a49f-70f3da49eeda'),('64f06e6c-30d6-4623-8df8-0e2ca72a82aa','https://res.cloudinary.com/dqvnc7aht/image/upload/v1763087500/2fe43485-8f12-44f9-b1f3-c1a95a8e8c15_dbjx7e.jpg','2025-11-28 01:22:34.727','b598e46b-ed8a-4ff2-95d7-f008654bd1d2'),('6509c062-20bd-4375-99ca-dbf9d3df3f64','https://res.cloudinary.com/dqvnc7aht/image/upload/v1763088517/ff8f852c-31d1-461c-a0af-598a6c9898a8_ingz2m.jpg','2025-11-28 01:22:34.741','03d0afd3-451f-47b0-9a14-ca1dea609c7c'),('6516ff32-98bf-4505-bde0-62bc1056b340','https://res.cloudinary.com/dqvnc7aht/image/upload/v1763084116/9684dec9-b5f1-4a61-874d-204f3730ec24_ku0ibi.jpg','2025-11-28 01:22:34.755','4a097a32-3760-4d96-bd36-5d9245141d91'),('65a9b490-4343-4aa3-8b75-37e25e1f0e32','https://res.cloudinary.com/dqvnc7aht/image/upload/v1763083006/9f393ac4-8a16-44a1-a923-6a5ea52baf36_urjncx.jpg','2025-11-28 01:22:34.771','b3e88462-0ca5-4dc3-82a2-550423180e00'),('6601995a-9801-4b58-ad5b-5e5f32cbcac1','https://res.cloudinary.com/dqvnc7aht/image/upload/v1763090669/33ef06e8-e2aa-4629-a1b1-cfce8812e81f_dkrdad.jpg','2025-11-28 01:22:34.752','d5eeec2a-f0e3-49d6-9c18-4e5b1980b273'),('68b1b267-e9db-4d1e-b94d-47d3bc85839f','https://res.cloudinary.com/dqvnc7aht/image/upload/v1763088649/788e7f9d-d0b4-4222-a6dc-c56b2412c28a_p2paqf.jpg','2025-11-28 01:22:34.741','03d0afd3-451f-47b0-9a14-ca1dea609c7c'),('697e7f81-5ce1-494d-952e-7c397542cf42','https://res.cloudinary.com/dqvnc7aht/image/upload/v1763087188/a2d58235-15b5-4a4c-9a61-298d19f91a25_kgsayj.jpg','2025-11-28 01:22:34.724','e28ca98b-240c-4ca8-ba78-0004a1ad7355'),('6a661909-816f-4b72-8d2e-00ad2b8de5a1','https://res.cloudinary.com/dqvnc7aht/image/upload/v1763087612/a8b68214-33c5-48e3-af4e-3e45a36b06d2_rb9iwa.jpg','2025-11-28 01:22:34.729','a3d0fbdb-125e-4688-8641-78321556f5d0'),('6b76fe0f-1e27-4804-9275-26258567fcfe','https://res.cloudinary.com/dqvnc7aht/image/upload/v1763086724/356a656c-d595-48e1-9241-62793b0ee383_fn8m6f.jpg','2025-11-28 01:22:34.717','754dc624-9902-4c13-b277-9d46e47745d7'),('6bf4a9c7-410a-4d01-bb4a-9074c305f80e','https://res.cloudinary.com/dqvnc7aht/image/upload/v1763084163/9ffdd046-2980-4078-922a-6fe86e9ad584_imeqaw.jpg','2025-11-28 01:22:34.755','4a097a32-3760-4d96-bd36-5d9245141d91'),('6de83d47-5da4-42a0-aa9c-bf07018b6631','https://res.cloudinary.com/dqvnc7aht/image/upload/v1763088131/d29509f2-1f96-41f0-b5ce-1642b0790b31_fcgoyl.jpg','2025-11-28 01:22:34.736','67d79e79-110d-471d-8c79-8dea7f8d23ed'),('6e84ec42-3523-49c8-aa03-aa13f983aed2','https://res.cloudinary.com/dqvnc7aht/image/upload/v1763085693/5956d667-2f3a-4404-87fa-bf46bc143c6a_sbpqjm.jpg','2025-11-28 01:22:34.768','66870b51-ddad-40a6-8445-1960ce95b3cb'),('6f058306-526d-41ee-8c0e-d53696181e02','https://res.cloudinary.com/dqvnc7aht/image/upload/v1763085386/45b4f721-005d-4665-8c6c-91d2477d1c6f_rzr43r.jpg','2025-11-28 01:22:34.762','095e493d-02a0-4608-8e2e-42bc6f6b7881'),('706071d1-4efc-43e6-bb46-970b5521259c','https://res.cloudinary.com/dqvnc7aht/image/upload/v1763084489/cc9dbb70-6f5a-49ca-9f74-9c14b78efbf4_ajv9kv.jpg','2025-11-28 01:22:34.788','7745cba9-5aef-4891-b432-9b3dec63df14'),('72162929-04ac-4183-a1c0-da76296d6fb6','https://res.cloudinary.com/dqvnc7aht/image/upload/v1763083705/b75cf4a4-f8d4-4fc6-a2f1-41732bcc1473_gnvw5l.jpg','2025-11-28 01:22:34.785','bf77dcde-4953-49f8-b26c-c8b89502aa3b'),('72f8f468-ab5d-4d87-83f8-efd0575c7a9b','https://res.cloudinary.com/dqvnc7aht/image/upload/v1763084912/31b22617-0ec8-4ec4-8a18-4d0e37572a65_emgn5x.jpg','2025-11-28 01:22:34.758','2e485330-cff4-434a-bc1c-6f75473e5a2b'),('741c3ff4-ddc5-46bd-906a-130b6c106d6b','https://res.cloudinary.com/dqvnc7aht/image/upload/v1763082974/58e27c99-4763-4caf-a4e5-f9ed85e89d85_nbsmm6.jpg','2025-11-28 01:22:34.771','b3e88462-0ca5-4dc3-82a2-550423180e00'),('7475bb0b-3ecb-4a96-a159-25194c7ef5b7','https://res.cloudinary.com/dqvnc7aht/image/upload/v1763088557/34449542-9fee-4ef5-98a9-9b7ca4dab62b_ngtl7z.jpg','2025-11-28 01:22:34.741','03d0afd3-451f-47b0-9a14-ca1dea609c7c'),('74d2814e-0ec5-40d9-a75c-fa0987dcbafd','https://res.cloudinary.com/dqvnc7aht/image/upload/v1763087826/d53febfa-d8a6-4ff6-a65c-674ba1d1153c_cuacjc.jpg','2025-11-28 01:22:34.731','8b45eb80-5f4e-4aac-94f6-74e1b80dc090'),('753a4b79-c6f1-4273-a4eb-312abc10caf7','https://res.cloudinary.com/dqvnc7aht/image/upload/v1763083800/f1cb05c1-3df0-46f3-b706-a303f50677bf_ckwja0.jpg','2025-11-28 01:22:34.786','4d002044-ca86-4b82-8036-0c7a4c680c7f'),('7550cd79-b9cc-45f5-bd6b-6a1e86018d89','https://res.cloudinary.com/dqvnc7aht/image/upload/v1763083081/9907f57c-43a6-416b-9e36-3a85bdadcc4d_qqqlyh.jpg','2025-11-28 01:22:34.773','b6dcbe15-ec4c-4044-a38b-fa24cf98c482'),('76ea60af-eb4d-4c5f-98b8-d687f28fbde6','https://res.cloudinary.com/dqvnc7aht/image/upload/v1763083246/9caf3bd5-9d30-4ae0-9d86-82118cea00fd_tmg2um.jpg','2025-11-28 01:22:34.778','3e6243f4-8f93-4384-9d38-175808962d68'),('7808124e-ab2b-4a0c-bab6-03a6f804e45d','https://res.cloudinary.com/dqvnc7aht/image/upload/v1763087811/19b640e6-6780-4f4a-a21b-959f0310afb3_obkvaq.jpg','2025-11-28 01:22:34.731','8b45eb80-5f4e-4aac-94f6-74e1b80dc090'),('78883578-1078-4937-a772-cbf0021963e1','https://res.cloudinary.com/dqvnc7aht/image/upload/v1763088178/3214099c-c309-4542-be5b-fa8f7e8dc376_einq8s.jpg','2025-11-28 01:22:34.736','67d79e79-110d-471d-8c79-8dea7f8d23ed'),('79107e37-ae86-482b-a582-7c8f246b4603','https://res.cloudinary.com/dqvnc7aht/image/upload/v1763083657/d4d3bc01-3046-43a6-aa87-7a8d86aab4ea_psffpa.jpg','2025-11-28 01:22:34.782','cc0b7713-eb1a-4ef8-97c1-cfa54d560219'),('79f8212b-47de-4e10-8c6a-f1b9e0f76591','https://res.cloudinary.com/dqvnc7aht/image/upload/v1763084926/7ad56412-256e-482e-9541-1732c546e86d_bripny.jpg','2025-11-28 01:22:34.758','2e485330-cff4-434a-bc1c-6f75473e5a2b'),('7a88dff9-167c-470e-8820-1b7ddef11116','https://res.cloudinary.com/dqvnc7aht/image/upload/v1763085024/b22c8cb4-1270-4b0a-870b-26c056ad71fe_celuff.jpg','2025-11-28 01:22:34.758','2e485330-cff4-434a-bc1c-6f75473e5a2b'),('7b08fbee-9f19-40d8-a0ed-25f03d97cc4b','https://res.cloudinary.com/dqvnc7aht/image/upload/v1763083067/f5cb3697-ceda-4fe4-b016-962358add79a_dbnvlr.jpg','2025-11-28 01:22:34.773','b6dcbe15-ec4c-4044-a38b-fa24cf98c482'),('7bbbef9a-8068-466f-a930-2b9509b55ae1','https://res.cloudinary.com/dqvnc7aht/image/upload/v1763088612/6ad88909-57d9-4717-b790-11d13c3ffca7_kmkwwj.jpg','2025-11-28 01:22:34.741','03d0afd3-451f-47b0-9a14-ca1dea609c7c'),('7beb52d7-027e-468b-aebb-f55b04d29013','https://res.cloudinary.com/dqvnc7aht/image/upload/v1763088345/6cac87c2-5282-42ba-8da1-1df7145b3552_usnnfr.jpg','2025-11-28 01:22:34.739','d1704adb-524b-453d-90bd-c55d67bea747'),('7c045773-3e87-449d-afa2-3800eb728574','https://res.cloudinary.com/dqvnc7aht/image/upload/v1763087422/05627104-434c-478a-b73d-8ae38cb709cc_hn4puy.jpg','2025-11-28 01:22:34.727','b598e46b-ed8a-4ff2-95d7-f008654bd1d2'),('7c86c81f-aa8f-47d4-8976-8f09abeeee3d','https://res.cloudinary.com/dqvnc7aht/image/upload/v1763083074/0fa220c1-c2d5-481b-8aa8-6f8960a464ef_waifu9.jpg','2025-11-28 01:22:34.773','b6dcbe15-ec4c-4044-a38b-fa24cf98c482'),('7f7b7823-3e69-4d43-b548-a48f5a99b56c','https://res.cloudinary.com/dqvnc7aht/image/upload/v1763084397/db2fd2ca-edaf-4415-af80-15212f7c78df_godwls.jpg','2025-11-28 01:22:34.788','7745cba9-5aef-4891-b432-9b3dec63df14'),('81e86d7f-a31e-4111-a96f-c0f4211b95b2','https://res.cloudinary.com/dqvnc7aht/image/upload/v1763085283/7f3fb70c-9a93-4ec7-90b0-1f941d743853_fizdbp.jpg','2025-11-28 01:22:34.760','ac216e5d-65fb-476b-ba84-1bdffe8ce891'),('82bb32e6-7882-4500-86fc-f3b70ae83365','https://res.cloudinary.com/dqvnc7aht/image/upload/v1763084976/2e002d32-2a40-443d-83d7-0f96a76e6172_h2ruxp.jpg','2025-11-28 01:22:34.758','2e485330-cff4-434a-bc1c-6f75473e5a2b'),('833fd6a0-e521-4c8d-8d51-64383c1e5be1','https://res.cloudinary.com/dqvnc7aht/image/upload/v1763085320/7888bd6d-e05f-4869-ae29-54d8189ddd1b_bs6q67.jpg','2025-11-28 01:22:34.762','095e493d-02a0-4608-8e2e-42bc6f6b7881'),('8538c4d2-76f4-4b78-8480-92e840641599','https://res.cloudinary.com/dqvnc7aht/image/upload/v1763090472/3229b2f9-3307-4b70-9542-656ecf14d2c7_znicvm.jpg','2025-11-28 01:22:34.750','23203991-d8c6-4812-a800-399fd5dece4c'),('85e2726b-bed8-4b2e-a68b-919906609e5c','https://res.cloudinary.com/dqvnc7aht/image/upload/v1763088011/2fc13659-e858-48c4-b4c1-bbb6f00aa76a_zqhrzn.jpg','2025-11-28 01:22:34.733','b23e434d-1e53-4caf-a34b-627a5e277352'),('85eb64c0-c5cf-4328-a4d4-d683fdee44c8','https://res.cloudinary.com/dqvnc7aht/image/upload/v1763083291/628d8b32-faac-4e15-ae13-6a556e945ee0_jinc2e.jpg','2025-11-28 01:22:34.778','3e6243f4-8f93-4384-9d38-175808962d68'),('862cfd64-6dbc-4f31-9edb-c75e6f23f4a3','https://res.cloudinary.com/dqvnc7aht/image/upload/v1763087797/237a3427-1f34-4d3f-a270-331abc7e3557_feimhg.jpg','2025-11-28 01:22:34.731','8b45eb80-5f4e-4aac-94f6-74e1b80dc090'),('899be6df-81e0-4a70-906b-027a0a46b8ce','https://res.cloudinary.com/dqvnc7aht/image/upload/v1763089997/c9262d07-def3-432b-b78c-336997d48185_m1mwqp.jpg','2025-11-28 01:22:34.746','18391ab6-d1d4-400c-be0c-5249b5bafe4b'),('8b071be9-91ac-49ba-951c-350e60110816','https://res.cloudinary.com/dqvnc7aht/image/upload/v1763082962/949c780c-29ec-4176-829c-8d6a6fdd7a5f_dhizml.jpg','2025-11-28 01:22:34.771','b3e88462-0ca5-4dc3-82a2-550423180e00'),('8b1ba4e6-cb1a-4b61-bf8f-edc20bc505a8','https://res.cloudinary.com/dqvnc7aht/image/upload/v1763086781/73ec8a71-4d86-433e-97cf-e873aa04ab34_rnong3.jpg','2025-11-28 01:22:34.717','754dc624-9902-4c13-b277-9d46e47745d7'),('8b3d2002-beb2-400c-aa7a-0d580729e606','https://res.cloudinary.com/dqvnc7aht/image/upload/v1763090515/03696aa5-b8c8-4a5e-af62-5fc4eaacd73a_dsh6cq.jpg','2025-11-28 01:22:34.750','23203991-d8c6-4812-a800-399fd5dece4c'),('8ca3c67e-ea89-4dc2-ad97-d3d013123327','https://res.cloudinary.com/dqvnc7aht/image/upload/v1763088247/4d3ce131-7630-4266-9500-72699d9a3458_ym9p9x.jpg','2025-11-28 01:22:34.736','67d79e79-110d-471d-8c79-8dea7f8d23ed'),('8dafbc76-e4b5-4882-beac-b819b0f81f47','https://res.cloudinary.com/dqvnc7aht/image/upload/v1763088363/69452857-b568-42c4-945c-bc0171f721db_klsnjh.jpg','2025-11-28 01:22:34.739','d1704adb-524b-453d-90bd-c55d67bea747'),('8e4da7fb-0482-4e03-9f89-2f7b8cc1966e','https://res.cloudinary.com/dqvnc7aht/image/upload/v1763087581/67cbd5ca-22bb-483d-97fc-9bfcc11bee9b_yy1qa5.jpg','2025-11-28 01:22:34.729','a3d0fbdb-125e-4688-8641-78321556f5d0'),('8e6826e3-587f-448a-ac73-fd966e082b7a','https://res.cloudinary.com/dqvnc7aht/image/upload/v1763084887/002f9f49-59d5-43a6-bf4c-f01640912866_vqxid6.jpg','2025-11-28 01:22:34.758','2e485330-cff4-434a-bc1c-6f75473e5a2b'),('8ec779ad-9962-42b2-94ea-1db26027acc6','https://res.cloudinary.com/dqvnc7aht/image/upload/v1763089913/00e9da21-74f8-4a72-a48b-b97269f124d7_rxxc2i.jpg','2025-11-28 01:22:34.744','0531d1af-4f66-46c2-a829-0851d754c2a2'),('9039fd84-0d6b-4fa8-9429-2db5a88313c0','https://res.cloudinary.com/dqvnc7aht/image/upload/v1763086836/082faa4f-4b6b-44a7-908b-7af05ef89fcf_i2wcmp.jpg','2025-11-28 01:22:34.719','964548cc-286b-4cc2-b97b-10c5ce1df2a8'),('912754f0-f0af-4c91-a8d5-a257bde3f2cb','https://res.cloudinary.com/dqvnc7aht/image/upload/v1763087088/b96600e7-5fc9-48c5-a26f-ef1ddd271593_geihof.jpg','2025-11-28 01:22:34.724','e28ca98b-240c-4ca8-ba78-0004a1ad7355'),('918b7300-36d0-473f-8124-4342ce6ba13f','https://res.cloudinary.com/dqvnc7aht/image/upload/v1763083548/0e0d41e1-db53-434a-a12c-c3f45a4db842_tiniu8.jpg','2025-11-28 01:22:34.782','cc0b7713-eb1a-4ef8-97c1-cfa54d560219'),('92e9fbda-8d04-46b0-8225-16402075819f','https://res.cloudinary.com/dqvnc7aht/image/upload/v1763085355/9db33a92-c788-4517-b8e0-e1f7e6a0412f_vzux9o.jpg','2025-11-28 01:22:34.762','095e493d-02a0-4608-8e2e-42bc6f6b7881'),('9322187f-220e-48a1-8edf-a7425d604e93','https://res.cloudinary.com/dqvnc7aht/image/upload/v1763083404/1384679d-5022-40d7-b5b0-34e94ce8b035_o11cvl.jpg','2025-11-28 01:22:34.780','f5e4d0b2-f777-4324-b559-3942a8e87c4e'),('9333186d-c3ac-403f-963b-a578306fc283','https://res.cloudinary.com/dqvnc7aht/image/upload/v1763086907/342c640e-7e31-430d-be54-9386ab8c63de_jsk4tx.jpg','2025-11-28 01:22:34.719','964548cc-286b-4cc2-b97b-10c5ce1df2a8'),('94a0eb96-907a-4875-9dba-586c8fb25032','https://res.cloudinary.com/dqvnc7aht/image/upload/v1763084406/1d386056-a978-4255-993e-8d55e0c62af4_tyxpfz.jpg','2025-11-28 01:22:34.788','7745cba9-5aef-4891-b432-9b3dec63df14'),('976ca66b-c45f-4f0e-9cca-72be479754f0','https://res.cloudinary.com/dqvnc7aht/image/upload/v1763083317/18a07b91-54a4-47f8-ad5b-1470492bd507_qq1akv.jpg','2025-11-28 01:22:34.778','3e6243f4-8f93-4384-9d38-175808962d68'),('97854e56-82db-480e-972a-f8c8976068b9','https://res.cloudinary.com/dqvnc7aht/image/upload/v1763083688/825b1d61-9363-4a48-9745-6b3520f0b53b_v5cgcc.jpg','2025-11-28 01:22:34.785','bf77dcde-4953-49f8-b26c-c8b89502aa3b'),('9851e8b4-240b-4918-a76e-88beeb975030','https://res.cloudinary.com/dqvnc7aht/image/upload/v1763087550/12f772af-a830-45fa-8452-f4ccf8fd2519_bgdavs.jpg','2025-11-28 01:22:34.729','a3d0fbdb-125e-4688-8641-78321556f5d0'),('98756441-260c-40c2-995a-43b4b9e74ecd','https://res.cloudinary.com/dqvnc7aht/image/upload/v1763089869/4824230d-7825-4333-aaad-19949dfac85a_tncw6i.jpg','2025-11-28 01:22:34.744','0531d1af-4f66-46c2-a829-0851d754c2a2'),('9950e6b1-3d6d-43b5-84b9-1eca2dfcd2c8','https://res.cloudinary.com/dqvnc7aht/image/upload/v1763083509/b79cf254-d2e3-44c1-ae24-69a8d12cc92c_l4dkda.jpg','2025-11-28 01:22:34.780','f5e4d0b2-f777-4324-b559-3942a8e87c4e'),('9b1d3fd8-5ecd-4534-9780-70c45eda5960','https://res.cloudinary.com/dqvnc7aht/image/upload/v1763090987/f2511d5f-c106-4fe1-b113-df3ed3d2a713_rkzs34.jpg','2025-11-28 01:22:34.715','021ab18c-c49e-4a56-a541-71f79b510e8d'),('9c72837c-18c0-4f68-bb50-3eee6d034b91','https://res.cloudinary.com/dqvnc7aht/image/upload/v1763084509/2c9b93a2-d19c-4259-8df2-90e6a892771a_ekibt9.jpg','2025-11-28 01:22:34.788','7745cba9-5aef-4891-b432-9b3dec63df14'),('9cac7c64-18c8-4525-bb89-2f10bd8f1dbf','https://res.cloudinary.com/dqvnc7aht/image/upload/v1763090972/c4987cdf-4fbd-480b-9751-ffbf4ecaacbd_gbcchz.jpg','2025-11-28 01:22:34.715','021ab18c-c49e-4a56-a541-71f79b510e8d'),('9d09878b-a13a-45b6-b301-6543861ba42a','https://res.cloudinary.com/dqvnc7aht/image/upload/v1763087050/56d1d167-53da-4506-8575-268a357b94de_vsvdbi.jpg','2025-11-28 01:22:34.724','e28ca98b-240c-4ca8-ba78-0004a1ad7355'),('a0a3093e-333f-408c-b457-e7724bf708df','https://res.cloudinary.com/dqvnc7aht/image/upload/v1763085221/2438821e-92fb-4d13-ba6c-f45fa7c7aa66_epfza7.jpg','2025-11-28 01:22:34.760','ac216e5d-65fb-476b-ba84-1bdffe8ce891'),('a26125bf-035f-4089-a3fc-12f14befd24b','https://res.cloudinary.com/dqvnc7aht/image/upload/v1763083386/877944ec-2155-4c3f-8e98-5deb6f8a9bad_lmuwjt.jpg','2025-11-28 01:22:34.780','f5e4d0b2-f777-4324-b559-3942a8e87c4e'),('a2e74716-27a8-4387-bc34-7587b006c456','https://res.cloudinary.com/dqvnc7aht/image/upload/v1763085393/1cac19e1-cfd7-4474-bf03-77a5bf4dd9d6_vwvm2b.jpg','2025-11-28 01:22:34.762','095e493d-02a0-4608-8e2e-42bc6f6b7881'),('a37ccf99-b0b0-49a8-8bb9-9e6875e6b19f','https://res.cloudinary.com/dqvnc7aht/image/upload/v1763090345/49314814-dbac-4d00-8f3f-3b6cdb0b23ca_sdpdmh.jpg','2025-11-28 01:22:34.748','d08ecb8b-21db-4a60-8501-dc3715c1c266'),('a42a0499-3a89-420a-a071-a2d2f16b497f','https://res.cloudinary.com/dqvnc7aht/image/upload/v1763083273/de340279-d771-4167-8488-8a348724dcdb_bm6aze.jpg','2025-11-28 01:22:34.778','3e6243f4-8f93-4384-9d38-175808962d68'),('a56ad83a-79d8-469e-9245-b5757ac7139e','https://res.cloudinary.com/dqvnc7aht/image/upload/v1763083721/22638a6a-7b2a-4491-941c-29d180963136_zucsfq.jpg','2025-11-28 01:22:34.785','bf77dcde-4953-49f8-b26c-c8b89502aa3b'),('a62d5652-d54d-4d3b-a63d-574f8371b99e','https://res.cloudinary.com/dqvnc7aht/image/upload/v1763090317/4d7ce466-ca79-4ae8-83ba-568018a166c3_luuqys.jpg','2025-11-28 01:22:34.748','d08ecb8b-21db-4a60-8501-dc3715c1c266'),('a6447082-0a02-4551-9aa2-d20219a3e393','https://res.cloudinary.com/dqvnc7aht/image/upload/v1763086848/9eb69d69-c42e-4653-96fb-8b4c616be1d1_wkmx0l.jpg','2025-11-28 01:22:34.719','964548cc-286b-4cc2-b97b-10c5ce1df2a8'),('a7901887-c831-4900-a5ef-e421044555c3','https://res.cloudinary.com/dqvnc7aht/image/upload/v1763085623/2378d863-c373-460f-bc1b-d6aea22b78b3_v7gfsw.jpg','2025-11-28 01:22:34.768','66870b51-ddad-40a6-8445-1960ce95b3cb'),('a7ee938e-e78a-4576-abfc-b01e26f2fa9d','https://res.cloudinary.com/dqvnc7aht/image/upload/v1763090240/2d71b87b-caa8-45ba-b673-51eee02df198_qljh9n.jpg','2025-11-28 01:22:34.746','18391ab6-d1d4-400c-be0c-5249b5bafe4b'),('a7f6d088-ad70-48df-8b43-307a92dfb954','https://res.cloudinary.com/dqvnc7aht/image/upload/v1763082936/69c5163c-b3e1-43be-af00-78f071a6fec4_nftgap.jpg','2025-11-28 01:22:34.771','b3e88462-0ca5-4dc3-82a2-550423180e00'),('a8243f5a-f0e2-4440-924d-b0e5c3a551cf','https://res.cloudinary.com/dqvnc7aht/image/upload/v1763083489/6250090b-a9f4-44e2-8f62-a91687591db1_wgxvsm.jpg','2025-11-28 01:22:34.780','f5e4d0b2-f777-4324-b559-3942a8e87c4e'),('a9b31da2-c010-4ddc-a733-f7bc33fe7c06','https://res.cloudinary.com/dqvnc7aht/image/upload/v1763087783/342c74b4-15aa-4527-837f-3c561a29c1af_qplpv4.jpg','2025-11-28 01:22:34.731','8b45eb80-5f4e-4aac-94f6-74e1b80dc090'),('a9cf9822-5a2d-4693-87af-d6e85610c515','https://res.cloudinary.com/dqvnc7aht/image/upload/v1763088596/3e1f0af3-45d2-4dac-a1a7-c8b798536418_qvcw9w.jpg','2025-11-28 01:22:34.741','03d0afd3-451f-47b0-9a14-ca1dea609c7c'),('aadecb27-a0c7-44cf-a2ef-e35064b45a91','https://res.cloudinary.com/dqvnc7aht/image/upload/v1763090331/d5093281-1ac8-4973-85e8-93502bf32e4b_g1eei2.jpg','2025-11-28 01:22:34.748','d08ecb8b-21db-4a60-8501-dc3715c1c266'),('ab8e3107-6101-4cc8-a8e4-6b707cf15118','https://res.cloudinary.com/dqvnc7aht/image/upload/v1763087597/39529073-43b2-4a4a-b81f-8b6d62a1e837_ymnbyb.jpg','2025-11-28 01:22:34.729','a3d0fbdb-125e-4688-8641-78321556f5d0'),('acd50d5a-0854-40b7-aa32-0c89ee4d6091','https://res.cloudinary.com/dqvnc7aht/image/upload/v1763090289/d89959f9-308a-4291-aa6d-f069008e8259_dvz1pg.jpg','2025-11-28 01:22:34.746','18391ab6-d1d4-400c-be0c-5249b5bafe4b'),('affa269d-38de-42c7-9896-f4e50b0436d9','https://res.cloudinary.com/dqvnc7aht/image/upload/v1763084900/f934ba10-46c0-4e7d-b470-89c7140c2a68_v8ejdx.jpg','2025-11-28 01:22:34.758','2e485330-cff4-434a-bc1c-6f75473e5a2b'),('b00ec864-dccc-4d3e-a228-aa9f11883090','https://res.cloudinary.com/dqvnc7aht/image/upload/v1763083145/aa96cd14-b57e-4050-97f1-7c9d84acc3d2_ujegeg.jpg','2025-11-28 01:22:34.773','b6dcbe15-ec4c-4044-a38b-fa24cf98c482'),('b1165afc-1cfa-4d4e-9eb0-3a50b0000c2e','https://res.cloudinary.com/dqvnc7aht/image/upload/v1763089801/e36c6890-08fc-49da-bd36-e6dd6ae8d2f8_djwvmo.jpg','2025-11-28 01:22:34.744','0531d1af-4f66-46c2-a829-0851d754c2a2'),('b2324b1a-0062-4dfa-9271-e67f52d36e3b','https://res.cloudinary.com/dqvnc7aht/image/upload/v1763090131/8fcd7cd3-b61d-4c1a-b794-0e88c0c739b4_rleg55.jpg','2025-11-28 01:22:34.746','18391ab6-d1d4-400c-be0c-5249b5bafe4b'),('b2f767af-61ad-4162-a7a2-b34c03dc07d6','https://res.cloudinary.com/dqvnc7aht/image/upload/v1763089748/2e0ddade-8b66-4b76-8f6a-9a1fec2235e5_k8t2hc.jpg','2025-11-28 01:22:34.744','0531d1af-4f66-46c2-a829-0851d754c2a2'),('b3ab8a0f-80df-41f8-8380-1cdcdb361f91','https://res.cloudinary.com/dqvnc7aht/image/upload/v1763087173/da1050b2-2a82-4224-9b7d-6dd12728a3cc_a0fiwt.jpg','2025-11-28 01:22:34.724','e28ca98b-240c-4ca8-ba78-0004a1ad7355'),('b4da8df9-5ddc-4e9c-91ff-da179ff34718','https://res.cloudinary.com/dqvnc7aht/image/upload/v1763087568/25e3c679-6ae4-48a6-bfe7-98af7cc193b1_smvfho.jpg','2025-11-28 01:22:34.729','a3d0fbdb-125e-4688-8641-78321556f5d0'),('b53820bf-4b3f-4db7-a65c-db22cc036552','https://res.cloudinary.com/dqvnc7aht/image/upload/v1763088229/21c3675b-be6b-4ea2-9dc2-d7b5b021e53b_pvlicf.jpg','2025-11-28 01:22:34.736','67d79e79-110d-471d-8c79-8dea7f8d23ed'),('b604d9a0-1aaf-4142-9de5-5a4a7bcec64b','https://res.cloudinary.com/dqvnc7aht/image/upload/v1763085554/fce9926b-0ad6-4390-b7ab-3c2958dc5d48_zldh1q.jpg','2025-11-28 01:22:34.766','bffa8ddb-3ce9-4c9f-bab4-630eea429704'),('b7f1d4e8-ab92-4076-b22a-197366a38048','https://res.cloudinary.com/dqvnc7aht/image/upload/v1763090928/04933a5b-64b3-4cae-94fb-c4d84a28c842_dhbkyz.jpg','2025-11-28 01:22:34.715','021ab18c-c49e-4a56-a541-71f79b510e8d'),('b8ac965a-16b1-4937-bd20-4707c3d827b5','https://res.cloudinary.com/dqvnc7aht/image/upload/v1763090812/875aeb6f-5f92-4889-a83b-cecbe01b8a91_sphqch.jpg','2025-11-28 01:22:34.712','adb9019c-847a-4f20-a49f-70f3da49eeda'),('b9f7c821-d4b4-400a-925f-8d228fb9eaf0','https://res.cloudinary.com/dqvnc7aht/image/upload/v1763088572/22ccd6da-8b16-4026-95b8-e3b1243c0d5e_szhsqv.jpg','2025-11-28 01:22:34.741','03d0afd3-451f-47b0-9a14-ca1dea609c7c'),('b9feb578-1ea5-490e-8787-75bf53a87b2d','https://res.cloudinary.com/dqvnc7aht/image/upload/v1763087109/5da181e1-56a8-4cc9-b718-ab72c0786635_iuggw7.jpg','2025-11-28 01:22:34.724','e28ca98b-240c-4ca8-ba78-0004a1ad7355'),('ba4e79b0-5d48-411f-bd1d-eaf73221e1a1','https://res.cloudinary.com/dqvnc7aht/image/upload/v1763083110/20c9b861-f790-4b38-8cf4-eeca80b7d1d1_kohco0.jpg','2025-11-28 01:22:34.773','b6dcbe15-ec4c-4044-a38b-fa24cf98c482'),('bc179bf6-7623-4fc9-969c-b9099a54bbaf','https://res.cloudinary.com/dqvnc7aht/image/upload/v1763086861/129848aa-7050-444c-a807-0dc2112b1b07_vjji0z.jpg','2025-11-28 01:22:34.719','964548cc-286b-4cc2-b97b-10c5ce1df2a8'),('bc42cf01-6150-4ae7-9ee4-0d1d4995f87b','https://res.cloudinary.com/dqvnc7aht/image/upload/v1763090639/634bbec2-2ab4-4046-8bd1-65c386429f8e_ukfczh.jpg','2025-11-28 01:22:34.752','d5eeec2a-f0e3-49d6-9c18-4e5b1980b273'),('bcaac4f0-c380-4257-aaa9-8735596b386a','https://res.cloudinary.com/dqvnc7aht/image/upload/v1763083778/c3c9b753-d73d-481d-9753-442a38798260_dsmjqk.jpg','2025-11-28 01:22:34.786','4d002044-ca86-4b82-8036-0c7a4c680c7f'),('be75037d-5335-479b-9f4b-d2e5ba82c516','https://res.cloudinary.com/dqvnc7aht/image/upload/v1763085448/feb20089-87f4-42aa-8416-bc3990b29bec_bwfezu.jpg','2025-11-28 01:22:34.766','bffa8ddb-3ce9-4c9f-bab4-630eea429704'),('bed6ff4f-f5bf-462c-be9b-71176768ed4c','https://res.cloudinary.com/dqvnc7aht/image/upload/v1763085340/de255338-46f4-4bd1-b3bb-059fd47e2654_ecubms.jpg','2025-11-28 01:22:34.762','095e493d-02a0-4608-8e2e-42bc6f6b7881'),('bf3423a5-9d2d-4d0d-aa27-04bf8331a664','https://res.cloudinary.com/dqvnc7aht/image/upload/v1763083953/9b85120a-8334-47f3-8dd7-b51dc275f100_weonp4.jpg','2025-11-28 01:22:34.786','4d002044-ca86-4b82-8036-0c7a4c680c7f'),('c28f9589-a212-4815-a2ec-53ff998da27d','https://res.cloudinary.com/dqvnc7aht/image/upload/v1763084423/c1a70710-1d27-40dc-a2d2-6ef122c82456_zraafu.jpg','2025-11-28 01:22:34.788','7745cba9-5aef-4891-b432-9b3dec63df14'),('c41abe7b-45f5-4705-90c2-59f2306f9b5c','https://res.cloudinary.com/dqvnc7aht/image/upload/v1763090275/5cb06c67-c14d-401d-b18b-53f9b7a97cd9_qu6kou.jpg','2025-11-28 01:22:34.748','d08ecb8b-21db-4a60-8501-dc3715c1c266'),('c49efb8f-2645-4bf1-88ed-2e6e57d35076','https://res.cloudinary.com/dqvnc7aht/image/upload/v1763085031/37f22079-200b-4ea0-9f7a-edfd15f81ffe_m55pmd.jpg','2025-11-28 01:22:34.758','2e485330-cff4-434a-bc1c-6f75473e5a2b'),('c6363c55-2768-417d-9dfc-3175c7a47c12','https://res.cloudinary.com/dqvnc7aht/image/upload/v1763089927/a29117e9-e97e-4824-8af5-6c7000067365_qcd9bx.jpg','2025-11-28 01:22:34.744','0531d1af-4f66-46c2-a829-0851d754c2a2'),('c66e42b8-be32-49c5-a9f6-64154baeb20c','https://res.cloudinary.com/dqvnc7aht/image/upload/v1763090147/04cabc9e-18f8-4bee-a989-b11079f0de52_ozb7hq.jpg','2025-11-28 01:22:34.746','18391ab6-d1d4-400c-be0c-5249b5bafe4b'),('c7e47c30-17a2-4a8f-a496-8a8a69599d54','https://res.cloudinary.com/dqvnc7aht/image/upload/v1763087062/18d2a29f-143f-4a17-b0d9-bf2d122f9beb_pvwo1j.jpg','2025-11-28 01:22:34.724','e28ca98b-240c-4ca8-ba78-0004a1ad7355'),('c8343db5-26eb-446e-9b7d-e855131d0d28','https://res.cloudinary.com/dqvnc7aht/image/upload/v1763085378/ae9f3deb-5347-4cac-810b-938451a0f0cc_p3bpyt.jpg','2025-11-28 01:22:34.762','095e493d-02a0-4608-8e2e-42bc6f6b7881'),('c89dc30b-114e-4cb6-8e44-f1ae4253b47e','https://res.cloudinary.com/dqvnc7aht/image/upload/v1763083962/d1074bc6-9074-4ee2-8370-b320540b4ee0_hhfani.jpg','2025-11-28 01:22:34.786','4d002044-ca86-4b82-8036-0c7a4c680c7f'),('c8bca482-2081-4110-9e56-5b6904f26f20','https://res.cloudinary.com/dqvnc7aht/image/upload/v1763082981/6ca16a50-b270-4562-a4d1-649cc1dafb6e_a6hyhp.jpg','2025-11-28 01:22:34.771','b3e88462-0ca5-4dc3-82a2-550423180e00'),('ca41f185-349a-4f9b-a1b9-0b3dcde1e626','https://res.cloudinary.com/dqvnc7aht/image/upload/v1763084177/eb41469e-be62-473c-8928-171cb35efd32_ag4wbf.jpg','2025-11-28 01:22:34.755','4a097a32-3760-4d96-bd36-5d9245141d91'),('cc3448bf-9abf-4915-9d0b-1afa9de8e8e3','https://res.cloudinary.com/dqvnc7aht/image/upload/v1763083662/0bed63d8-40c2-42cf-8f40-78df21000f4e_t7p7l2.jpg','2025-11-28 01:22:34.782','cc0b7713-eb1a-4ef8-97c1-cfa54d560219'),('cc6c0b54-dc55-454c-ba9c-8b524154cf31','https://res.cloudinary.com/dqvnc7aht/image/upload/v1763085330/c80cca11-699f-4ec3-9f91-4a268bc467ae_uqvbpj.jpg','2025-11-28 01:22:34.762','095e493d-02a0-4608-8e2e-42bc6f6b7881'),('ccbcfdc6-3664-4d9a-8d1e-7d08006212d1','https://res.cloudinary.com/dqvnc7aht/image/upload/v1763083116/8166f718-bb5b-4cc1-943f-56256ec179c2_oeiqtg.jpg','2025-11-28 01:22:34.773','b6dcbe15-ec4c-4044-a38b-fa24cf98c482'),('ccf1e222-077d-401e-a4ca-014494610670','https://res.cloudinary.com/dqvnc7aht/image/upload/v1763087007/5b08212b-ff6e-478f-8631-2c1f9e01939d_rl48ov.jpg','2025-11-28 01:22:34.722','0824ae58-2b04-47c3-b94e-a94513f49afe'),('ce09ea15-b3c5-47c5-b1a3-55e2378c03c4','https://res.cloudinary.com/dqvnc7aht/image/upload/v1763088423/f91ebcd0-0ecc-4198-a98b-3ad1cee4df17_ww3rmh.jpg','2025-11-28 01:22:34.739','d1704adb-524b-453d-90bd-c55d67bea747'),('ce4d88d1-bfee-4c04-95d5-bb92c2500ff2','https://res.cloudinary.com/dqvnc7aht/image/upload/v1763084134/7f5d446b-3f43-4a23-b167-6a0d6e186a87_oq18eq.jpg','2025-11-28 01:22:34.755','4a097a32-3760-4d96-bd36-5d9245141d91'),('cee17140-191a-42fb-8836-5571db12be9c','https://res.cloudinary.com/dqvnc7aht/image/upload/v1763083450/661cb72d-bfdf-42e8-9752-d01a412514f6_c1w5a4.jpg','2025-11-28 01:22:34.780','f5e4d0b2-f777-4324-b559-3942a8e87c4e'),('cfbf4d70-b0d6-408e-b70a-b39f7554fdda','https://res.cloudinary.com/dqvnc7aht/image/upload/v1763090795/a295c405-f77c-4443-8e55-4704d49f35ba_ozuqk9.jpg','2025-11-28 01:22:34.712','adb9019c-847a-4f20-a49f-70f3da49eeda'),('cfda0b30-7969-4888-8536-8acd1e1e29ef','https://res.cloudinary.com/dqvnc7aht/image/upload/v1763087960/601e21e0-0c64-4544-a6ea-41aa77729326_nf6qoh.jpg','2025-11-28 01:22:34.733','b23e434d-1e53-4caf-a34b-627a5e277352'),('d18a490d-7df3-4434-b4a1-3f694f254176','https://res.cloudinary.com/dqvnc7aht/image/upload/v1763087638/13ef28d6-1417-4f7e-9910-2f314f0561a4_puxwvj.jpg','2025-11-28 01:22:34.729','a3d0fbdb-125e-4688-8641-78321556f5d0'),('d22f6bb0-8660-469d-8e1c-e8e4d11d4c1b','https://res.cloudinary.com/dqvnc7aht/image/upload/v1763088076/d633612f-67c3-4ccc-bb68-93206da19fcf_mtriy1.jpg','2025-11-28 01:22:34.733','b23e434d-1e53-4caf-a34b-627a5e277352'),('d3c3080d-1ec5-493d-b750-95aa8660a955','https://res.cloudinary.com/dqvnc7aht/image/upload/v1763086967/beaf3085-6450-4bf4-83ab-fea9ab68bfb1_amclzo.jpg','2025-11-28 01:22:34.722','0824ae58-2b04-47c3-b94e-a94513f49afe'),('d7a57dcc-a34c-421d-a1a5-bb0314e036d2','https://res.cloudinary.com/dqvnc7aht/image/upload/v1763090850/0b56a9f3-e763-4b4b-9040-cc7c2d5b4633_mgtm8n.jpg','2025-11-28 01:22:34.712','adb9019c-847a-4f20-a49f-70f3da49eeda'),('d8194f7a-bb32-4464-98dc-a1109f43dc60','https://res.cloudinary.com/dqvnc7aht/image/upload/v1763088196/7244d630-5c91-4748-8bfc-a96ae24aee51_lwog1u.jpg','2025-11-28 01:22:34.736','67d79e79-110d-471d-8c79-8dea7f8d23ed'),('d971e1f6-bf37-488f-8be0-acdb9af45426','https://res.cloudinary.com/dqvnc7aht/image/upload/v1763087153/a71fa471-d257-475e-ba65-c38d8ae81303_jlxs7x.jpg','2025-11-28 01:22:34.724','e28ca98b-240c-4ca8-ba78-0004a1ad7355'),('d996b781-b61b-4a8a-9fc8-64f559ed92a1','https://res.cloudinary.com/dqvnc7aht/image/upload/v1763085242/6fe54494-d245-4417-a1b4-89e3eaa99a6d_igq1xg.jpg','2025-11-28 01:22:34.760','ac216e5d-65fb-476b-ba84-1bdffe8ce891'),('da615b10-a2e8-4dc0-91fb-f4c9765ae628','https://res.cloudinary.com/dqvnc7aht/image/upload/v1763083713/8f68a73b-6983-40cc-b30b-3dc417d85031_yc8vgg.jpg','2025-11-28 01:22:34.785','bf77dcde-4953-49f8-b26c-c8b89502aa3b'),('daabdff4-dfde-484d-a449-e04a87b476e2','https://res.cloudinary.com/dqvnc7aht/image/upload/v1763085726/5982c668-0818-4689-af0a-063279acc1b0_u37cgp.jpg','2025-11-28 01:22:34.768','66870b51-ddad-40a6-8445-1960ce95b3cb'),('dbd52693-904a-4fd1-9298-016129c11d57','https://res.cloudinary.com/dqvnc7aht/image/upload/v1763090458/f79aa1de-a5c6-4275-af18-4aa448a84599_hv5pg8.jpg','2025-11-28 01:22:34.750','23203991-d8c6-4812-a800-399fd5dece4c'),('dce02ba3-f48f-4217-b91e-9f8a1288fd75','https://res.cloudinary.com/dqvnc7aht/image/upload/v1763083285/14633edb-b2ab-4c6d-8ed1-912cd067a26c_hrjxfy.jpg','2025-11-28 01:22:34.778','3e6243f4-8f93-4384-9d38-175808962d68'),('dd55cee0-2d62-4a45-85fb-c14dbe8ade31','https://res.cloudinary.com/dqvnc7aht/image/upload/v1763084446/e19c9823-f32a-44d0-b8ad-13fe81bdffa2_pkoidt.jpg','2025-11-28 01:22:34.788','7745cba9-5aef-4891-b432-9b3dec63df14'),('dd7a3df4-5b26-49a6-954e-eb3b6e04ab42','https://res.cloudinary.com/dqvnc7aht/image/upload/v1763087925/e0543b04-d504-4bb3-81f4-8b49e08c1e13_sto5go.jpg','2025-11-28 01:22:34.733','b23e434d-1e53-4caf-a34b-627a5e277352'),('df562a68-e648-4c6e-a7d1-553ea4bf412d','https://res.cloudinary.com/dqvnc7aht/image/upload/v1763088061/d3b24e3d-2eba-44e6-857b-fe5218b0542a_osxa5i.jpg','2025-11-28 01:22:34.733','b23e434d-1e53-4caf-a34b-627a5e277352'),('df925538-8603-4e92-be9c-d4313992a29e','https://res.cloudinary.com/dqvnc7aht/image/upload/v1763086942/30fd68ba-38b7-46f8-9563-39ac10c42389_qn7onm.jpg','2025-11-28 01:22:34.722','0824ae58-2b04-47c3-b94e-a94513f49afe'),('e1970fb1-7abf-4cce-b2f0-37470fbbd64a','https://res.cloudinary.com/dqvnc7aht/image/upload/v1763085476/8f8d5793-7cff-49ee-a504-42c0fb0499e0_fgw8su.jpg','2025-11-28 01:22:34.766','bffa8ddb-3ce9-4c9f-bab4-630eea429704'),('e1dbe98b-d327-4320-8e7a-3c6ffaf75a83','https://res.cloudinary.com/dqvnc7aht/image/upload/v1763086898/ad98962b-d58d-40a0-a88b-890d2ed58e0d_p2wyy1.jpg','2025-11-28 01:22:34.719','964548cc-286b-4cc2-b97b-10c5ce1df2a8'),('e3b60505-69ee-43fa-b7b8-80cbc39ffa5c','https://res.cloudinary.com/dqvnc7aht/image/upload/v1763090424/0c01dc5c-2159-4749-ad23-031e779362bb_patkx0.jpg','2025-11-28 01:22:34.750','23203991-d8c6-4812-a800-399fd5dece4c'),('e4955747-ef8e-4ed6-8917-319b21f9677d','https://res.cloudinary.com/dqvnc7aht/image/upload/v1763082950/9d9caafd-c441-46cd-b1e7-4d8652cd1582_wneb4u.jpg','2025-11-28 01:22:34.771','b3e88462-0ca5-4dc3-82a2-550423180e00'),('e685b61a-2119-4a9e-87a4-478b4929a19e','https://res.cloudinary.com/dqvnc7aht/image/upload/v1763090486/9712ae08-300e-4ac9-a372-3e60c2ff89cf_cs2s8j.jpg','2025-11-28 01:22:34.750','23203991-d8c6-4812-a800-399fd5dece4c'),('e77bd22f-57d0-4c1a-b589-14535e740e58','https://res.cloudinary.com/dqvnc7aht/image/upload/v1763083607/b45660b2-0c58-4878-b1d7-8eb6d0412b82_sh9vrs.jpg','2025-11-28 01:22:34.782','cc0b7713-eb1a-4ef8-97c1-cfa54d560219'),('e7c42e16-31cd-4433-a54d-d5448328fffc','https://res.cloudinary.com/dqvnc7aht/image/upload/v1763086980/618ea503-cfde-4174-93ab-42d6d8f6f725_ugqudq.jpg','2025-11-28 01:22:34.722','0824ae58-2b04-47c3-b94e-a94513f49afe'),('e84f501b-9698-4715-b447-595f52bff84c','https://res.cloudinary.com/dqvnc7aht/image/upload/v1763087943/91f7065d-8cfa-4367-bf74-ae154bb32101_bj1mqk.jpg','2025-11-28 01:22:34.733','b23e434d-1e53-4caf-a34b-627a5e277352'),('e8bd42eb-20c9-4dab-bcb2-c4fec86ca6c5','https://res.cloudinary.com/dqvnc7aht/image/upload/v1763083935/88f07539-bd4f-45cf-b862-3c489ffea1fa_y6v3gn.jpg','2025-11-28 01:22:34.786','4d002044-ca86-4b82-8036-0c7a4c680c7f'),('e93a24e6-b931-4927-98a4-b63772a411fa','https://res.cloudinary.com/dqvnc7aht/image/upload/v1763087652/0346ac92-01db-4587-9fbf-444f614dd96c_yqj9x7.jpg','2025-11-28 01:22:34.729','a3d0fbdb-125e-4688-8641-78321556f5d0'),('e95ed64a-1a88-4df1-811d-9dbe895eb8d5','https://res.cloudinary.com/dqvnc7aht/image/upload/v1763089883/bf03acb3-c65b-4361-b482-e2afe5c3ac0a_mkfb6o.jpg','2025-11-28 01:22:34.744','0531d1af-4f66-46c2-a829-0851d754c2a2'),('e973bf0e-cfe4-4cb1-bf25-25b3768757e7','https://res.cloudinary.com/dqvnc7aht/image/upload/v1763087841/ed7ae976-3991-40af-899a-dab96678333e_g8n6y3.jpg','2025-11-28 01:22:34.731','8b45eb80-5f4e-4aac-94f6-74e1b80dc090'),('ea898194-08dd-4ef6-b088-161cb09a2933','https://res.cloudinary.com/dqvnc7aht/image/upload/v1763084467/69c37ce9-2cdb-41f7-a437-0d6e523731f9_ckxkpm.jpg','2025-11-28 01:22:34.788','7745cba9-5aef-4891-b432-9b3dec63df14'),('eb480ac0-2760-4563-83c9-bb7db03b4831','https://res.cloudinary.com/dqvnc7aht/image/upload/v1763084457/72bb6634-1dac-4533-94fc-ac3a3857041e_laazvv.jpg','2025-11-28 01:22:34.788','7745cba9-5aef-4891-b432-9b3dec63df14'),('ee9048a8-19d1-431d-a2de-574e1e9fad02','https://res.cloudinary.com/dqvnc7aht/image/upload/v1763084964/0f5554ed-1f0a-40c6-8e80-d2b838023a89_rplj6z.jpg','2025-11-28 01:22:34.758','2e485330-cff4-434a-bc1c-6f75473e5a2b'),('f1696475-9f68-4c2c-847c-7d80756e38f5','https://res.cloudinary.com/dqvnc7aht/image/upload/v1763083786/7b95ffe6-d0d4-496a-8f63-574f250eba5b_kyxdkn.jpg','2025-11-28 01:22:34.786','4d002044-ca86-4b82-8036-0c7a4c680c7f'),('f195b2ba-3da6-48b2-bf2e-0f862d20437b','https://res.cloudinary.com/dqvnc7aht/image/upload/v1763084125/b91ec9b3-c62d-4a82-9625-90e7f76850ef_ypprqf.jpg','2025-11-28 01:22:34.755','4a097a32-3760-4d96-bd36-5d9245141d91'),('f1b11c03-78c9-4f97-9b17-23025ed6e792','https://res.cloudinary.com/dqvnc7aht/image/upload/v1763083227/15531020-8781-4709-9e66-dc4168d006e0_t1rgnn.jpg','2025-11-28 01:22:34.778','3e6243f4-8f93-4384-9d38-175808962d68'),('f2a17e04-87cb-4e21-a9ea-bdcb40bb4fd7','https://res.cloudinary.com/dqvnc7aht/image/upload/v1763083252/ce9e9611-9dc6-4e5e-8d8a-442bca341be7_nfm50t.jpg','2025-11-28 01:22:34.778','3e6243f4-8f93-4384-9d38-175808962d68'),('f41bd726-93c4-4a25-86b5-73ec46a221dc','https://res.cloudinary.com/dqvnc7aht/image/upload/v1763083697/5c36ed0b-e295-4d0d-b730-2bc95456a4c7_ctpzuo.jpg','2025-11-28 01:22:34.785','bf77dcde-4953-49f8-b26c-c8b89502aa3b'),('f541783d-843d-410c-8ae8-3fcea9fd191b','https://res.cloudinary.com/dqvnc7aht/image/upload/v1763083099/fdf45e1f-9141-4921-93bd-fb6845510fd8_lyfnm6.jpg','2025-11-28 01:22:34.773','b6dcbe15-ec4c-4044-a38b-fa24cf98c482'),('f72d953c-9a15-4449-bf61-b067c2762fe9','https://res.cloudinary.com/dqvnc7aht/image/upload/v1763090303/90b24b98-02db-48d5-8946-0afe8ba04271_cmbwtv.jpg','2025-11-28 01:22:34.748','d08ecb8b-21db-4a60-8501-dc3715c1c266'),('fa541324-3faa-4880-97b1-e7a93ade431e','https://res.cloudinary.com/dqvnc7aht/image/upload/v1763090943/174d1bf1-36a9-415b-95bb-261923823c3c_ghpu5o.jpg','2025-11-28 01:22:34.715','021ab18c-c49e-4a56-a541-71f79b510e8d'),('fa6b9048-0370-4601-be2d-398a1ac5c47d','https://res.cloudinary.com/dqvnc7aht/image/upload/v1763090913/097efe9c-bf4c-4ba8-864c-a9bd278e4aa0_nljsnu.jpg','2025-11-28 01:22:34.715','021ab18c-c49e-4a56-a541-71f79b510e8d'),('fa8f1131-a141-43e5-a819-9cebdc17b49f','https://res.cloudinary.com/dqvnc7aht/image/upload/v1763088631/08a2fde1-71e1-459b-83ee-ba233d69d3dd_z9kcg2.jpg','2025-11-28 01:22:34.741','03d0afd3-451f-47b0-9a14-ca1dea609c7c'),('fbf60559-b9a5-4136-9d5e-22c7fa2e493a','https://res.cloudinary.com/dqvnc7aht/image/upload/v1763083411/9af41da0-a989-471d-bfd7-0d0938682a59_yibtef.jpg','2025-11-28 01:22:34.780','f5e4d0b2-f777-4324-b559-3942a8e87c4e'),('fd18737b-c5ca-46c3-840d-82f451860182','https://res.cloudinary.com/dqvnc7aht/image/upload/v1763084143/dcd4a030-df84-4f24-a58e-b3e4ac2aec80_nwkrbt.jpg','2025-11-28 01:22:34.755','4a097a32-3760-4d96-bd36-5d9245141d91'),('fd3d44ee-a4fa-4771-9013-1696b8a1a057','https://res.cloudinary.com/dqvnc7aht/image/upload/v1763082944/2c61539f-f3d3-489d-b3d4-0b57c57a6a0b_w1n7uc.jpg','2025-11-28 01:22:34.771','b3e88462-0ca5-4dc3-82a2-550423180e00'),('fe424572-b373-4af3-8d99-4c60c2eec43c','https://res.cloudinary.com/dqvnc7aht/image/upload/v1763090046/792b20da-8725-4ca3-9af3-68c3a814e810_dnbgcj.jpg','2025-11-28 01:22:34.746','18391ab6-d1d4-400c-be0c-5249b5bafe4b'),('fe8fa77e-e465-41b7-bd89-820ec0954543','https://res.cloudinary.com/dqvnc7aht/image/upload/v1763086918/e6c66d49-2ef3-48af-8407-a4801846dfc1_mgnlky.jpg','2025-11-28 01:22:34.719','964548cc-286b-4cc2-b97b-10c5ce1df2a8'),('fee61d01-e65f-43e5-9e46-791f2864ad63','https://res.cloudinary.com/dqvnc7aht/image/upload/v1763088384/789ceb91-daab-4132-995c-339519be7726_dq1lu6.jpg','2025-11-28 01:22:34.739','d1704adb-524b-453d-90bd-c55d67bea747'),('ff2ee2c9-4af8-4f67-a685-b0bb414edfe2','https://res.cloudinary.com/dqvnc7aht/image/upload/v1763083238/ee50bb60-8bba-471d-9671-e234b2bbf1c0_kj3fka.jpg','2025-11-28 01:22:34.778','3e6243f4-8f93-4384-9d38-175808962d68'),('fff140a4-0429-4b0c-a4d2-b76c6769bf42','https://res.cloudinary.com/dqvnc7aht/image/upload/v1763087075/5d912050-6bec-4300-b9a4-589acd08d8c0_axhkhq.jpg','2025-11-28 01:22:34.724','e28ca98b-240c-4ca8-ba78-0004a1ad7355');
/*!40000 ALTER TABLE `Image` ENABLE KEYS */;
UNLOCK TABLES;

--
-- Table structure for table `Message`
--

DROP TABLE IF EXISTS `Message`;
/*!40101 SET @saved_cs_client     = @@character_set_client */;
/*!50503 SET character_set_client = utf8mb4 */;
CREATE TABLE `Message` (
  `id` varchar(191) COLLATE utf8mb4_unicode_ci NOT NULL,
  `toUserId` varchar(191) COLLATE utf8mb4_unicode_ci NOT NULL,
  `content` text COLLATE utf8mb4_unicode_ci NOT NULL,
  `timestamp` datetime(3) NOT NULL DEFAULT CURRENT_TIMESTAMP(3),
  `fromUserId` varchar(191) COLLATE utf8mb4_unicode_ci NOT NULL,
  PRIMARY KEY (`id`),
  KEY `Message_fromUserId_fkey` (`fromUserId`),
  CONSTRAINT `Message_fromUserId_fkey` FOREIGN KEY (`fromUserId`) REFERENCES `User` (`id`) ON DELETE RESTRICT ON UPDATE CASCADE
) ENGINE=InnoDB DEFAULT CHARSET=utf8mb4 COLLATE=utf8mb4_unicode_ci;
/*!40101 SET character_set_client = @saved_cs_client */;

--
-- Dumping data for table `Message`
--

LOCK TABLES `Message` WRITE;
/*!40000 ALTER TABLE `Message` DISABLE KEYS */;
INSERT INTO `Message` VALUES ('90517287-2c5a-414a-9f7d-fc17921b998c','9c039add-f21f-4571-89bf-b88b0c9aa636',', !    ?','2025-11-28 01:22:34.898','af1bc1ff-25b3-4d30-be43-beabad95f436'),('f0c19081-b29d-4523-8c70-c5fe2a2cd4ce','af1bc1ff-25b3-4d30-be43-beabad95f436',',   .    ?','2025-11-28 01:22:34.897','9c039add-f21f-4571-89bf-b88b0c9aa636');
/*!40000 ALTER TABLE `Message` ENABLE KEYS */;
UNLOCK TABLES;

--
-- Table structure for table `Payment`
--

DROP TABLE IF EXISTS `Payment`;
/*!40101 SET @saved_cs_client     = @@character_set_client */;
/*!50503 SET character_set_client = utf8mb4 */;
CREATE TABLE `Payment` (
  `id` varchar(191) COLLATE utf8mb4_unicode_ci NOT NULL,
  `amount` int NOT NULL,
  `method` enum('CARD','BANK','PAYPAL') COLLATE utf8mb4_unicode_ci NOT NULL,
  `status` enum('PENDING','COMPLETED','FAILED') COLLATE utf8mb4_unicode_ci NOT NULL DEFAULT 'PENDING',
  `createdAt` datetime(3) NOT NULL DEFAULT CURRENT_TIMESTAMP(3),
  `bookingId` varchar(191) COLLATE utf8mb4_unicode_ci NOT NULL,
  PRIMARY KEY (`id`),
  UNIQUE KEY `Payment_bookingId_key` (`bookingId`),
  CONSTRAINT `Payment_bookingId_fkey` FOREIGN KEY (`bookingId`) REFERENCES `Booking` (`id`) ON DELETE RESTRICT ON UPDATE CASCADE
) ENGINE=InnoDB DEFAULT CHARSET=utf8mb4 COLLATE=utf8mb4_unicode_ci;
/*!40101 SET character_set_client = @saved_cs_client */;

--
-- Dumping data for table `Payment`
--

LOCK TABLES `Payment` WRITE;
/*!40000 ALTER TABLE `Payment` DISABLE KEYS */;
INSERT INTO `Payment` VALUES ('17456eaa-6d41-48d1-8e9a-03c6716a2f75',690000,'CARD','COMPLETED','2025-11-28 01:22:34.869','d7055db6-9559-463b-a436-a2abd99de11a'),('1c48e2c8-f59b-4df6-af9e-655deb04ded4',340000,'BANK','COMPLETED','2025-11-28 01:22:34.811','10f2e4e1-057c-4234-8c39-4bd433f11ea8'),('1ce7fc8e-0b32-4e84-9c6a-5f64cf90d3d7',880000,'BANK','COMPLETED','2025-11-28 01:22:34.851','2db45df6-f221-4902-a6ca-9773443a092b'),('26a6e58c-485f-4c73-a5a5-88fd8d5f04c3',810000,'BANK','COMPLETED','2025-11-28 01:22:34.820','ff7bbb71-3ab0-4fa7-8f93-918ec555b4f3'),('36cfd8e7-68dc-42af-8453-d71efcb655ff',300000,'CARD','COMPLETED','2025-11-28 01:22:34.796','5cbc7d73-9ba1-4269-9725-c5cae9c20bdf'),('3e1bf72d-d68f-495d-90a9-c54c7f946730',330000,'CARD','COMPLETED','2025-11-28 01:22:34.845','67264e9b-8613-446b-8446-4d290899e704'),('42475b93-592d-4453-b877-ed2a2b1c98e3',360000,'BANK','COMPLETED','2025-11-28 01:22:34.795','9d0bae5c-2966-4222-80c6-0e0c39dea00b'),('4983453d-b1fb-4a44-905f-1d79b032f8c9',460000,'BANK','COMPLETED','2025-11-28 01:22:34.872','7cf5de62-cc3e-440b-99df-1218a0253197'),('4ba60799-8b82-4917-87bb-9f678ecef65b',625000,'CARD','COMPLETED','2025-11-28 01:22:34.862','78112f04-aecd-4ad0-b811-eaea1ce651e4'),('56f9adf3-9c9a-4bad-8fc5-1fefd2139200',870000,'CARD','COMPLETED','2025-11-28 01:22:34.815','6dffca57-b4b7-4cee-a5b0-65f943b1f1f5'),('590becf5-3279-4f92-92cb-9ae34af7dd65',260000,'CARD','COMPLETED','2025-11-28 01:22:34.801','9215046a-84fc-43b5-8c56-da4d7f32b9cf'),('643cb83e-7d30-4dd2-bd9c-83f9cf0653a5',1500000,'CARD','COMPLETED','2025-11-28 01:22:34.853','ef2467c9-a736-4c0b-b807-f7a0a55d2d44'),('6a1edc3e-2f5b-4cc9-b7c3-04490241de59',560000,'CARD','COMPLETED','2025-11-28 01:22:34.875','66cbfce7-6bb1-4884-a772-351b768ec341'),('6abf2045-0f8c-43dd-95db-774423ed27f8',960000,'CARD','COMPLETED','2025-11-28 01:22:34.803','4f5bc362-2547-4eec-972a-9971c22470aa'),('7445dbd3-74a7-4727-b105-9d04cc5edc65',675000,'CARD','COMPLETED','2025-11-28 01:22:34.819','057d19f6-7fc0-406d-a4c4-f778b0f82b9e'),('77f55afc-f337-4cae-a51b-2bfd140670c8',600000,'CARD','COMPLETED','2025-11-28 01:22:34.882','f31f02cc-972c-4b0b-b837-03346aa817f8'),('8620fc7f-90e5-48af-9fe7-47bc444f127e',750000,'BANK','COMPLETED','2025-11-28 01:22:34.827','86c6c2e9-f0cc-4c90-ad0e-ee2bd454280e'),('874be3ad-f676-4c45-9c4a-8f77e1d14ac9',1020000,'CARD','COMPLETED','2025-11-28 01:22:34.808','9c161418-9811-447c-8ab2-954d6d825bb0'),('89172c11-91fb-4243-afcb-e76ffc5fb6af',200000,'CARD','COMPLETED','2025-11-28 01:22:34.884','46151056-35a7-4919-a3a4-fdc229339339'),('8a692b0a-63b9-4201-a93b-e6759c7d040c',720000,'CARD','COMPLETED','2025-11-28 01:22:34.865','5530a179-c643-4628-a3bb-a475654bccae'),('8b17cfe7-f76f-4c33-98b2-b195fb2c77a4',300000,'BANK','COMPLETED','2025-11-28 01:22:34.891','62c16048-b917-4ef5-b5a9-ec6138044d69'),('8f059fe7-babc-406a-9039-08db7212c9cd',300000,'CARD','COMPLETED','2025-11-28 01:22:34.889','cd79d558-b709-4a3e-b1ca-92e61740024e'),('922aa034-187a-4f1b-920b-0f80c5da9176',850000,'BANK','COMPLETED','2025-11-28 01:22:34.839','85d66059-4f75-4903-9b0c-f682c2bb5781'),('95cc9ebe-0cc3-4791-917a-6b7f5f30d09f',390000,'BANK','COMPLETED','2025-11-28 01:22:34.857','2303b5c7-64e8-40dd-aeba-11725d27f6b3'),('a952533c-8d35-4db7-b8f0-11cb93f85d3d',340000,'BANK','COMPLETED','2025-11-28 01:22:34.887','20da74ba-a1ea-4e3b-85bb-fbd0df775e8f'),('ad3fac9b-4cde-41b0-b968-2dd796e9de75',720000,'CARD','COMPLETED','2025-11-28 01:22:34.877','aefaef98-49b4-4a65-b2fa-e91075ef953c'),('b0d05e1a-2c9e-418e-a1d1-c5cd8119fd66',1080000,'BANK','COMPLETED','2025-11-28 01:22:34.867','82ed1fb5-fdae-495e-a950-f1d2262726ab'),('b2b43a80-37ca-4c95-af8e-a97279b691dd',620000,'CARD','COMPLETED','2025-11-28 01:22:34.813','efde4c07-6212-4929-a523-b264fab79990'),('b317ed4b-d31e-4014-aaf2-74d528946388',480000,'CARD','COMPLETED','2025-11-28 01:22:34.858','d7053870-8274-4d90-bf2c-f43046a413cf'),('be34a4c6-4375-4cf0-a4c4-83eeb049a36f',780000,'CARD','COMPLETED','2025-11-28 01:22:34.854','74dacf59-1b20-415f-990d-319c28121673'),('bea5b929-7bc6-4a20-a9fd-dce653cba3d1',340000,'CARD','COMPLETED','2025-11-28 01:22:34.835','63fc7d5c-3ede-4dfd-b548-4c80259307da'),('c80fdff3-05fb-438a-b641-e9ecaf6cd74f',725000,'BANK','COMPLETED','2025-11-28 01:22:34.818','6d3aa779-7f4f-4079-be64-ac4f7f19c4d6'),('d33c3bdb-0cf4-4f2d-9325-cc9d201e0bd3',800000,'CARD','COMPLETED','2025-11-28 01:22:34.843','abc66893-2740-4136-8454-6d034f8be860'),('d9fcfc5e-6702-4549-985b-9ad19f26c06e',495000,'CARD','COMPLETED','2025-11-28 01:22:34.893','891189d2-dcb9-4484-85a8-ae61311edfb5'),('dcf76234-f88a-4b55-9b2f-00031fedaa88',600000,'CARD','COMPLETED','2025-11-28 01:22:34.823','0e659db7-10d2-4aff-b531-6c96c9d0f7af'),('e23d12cb-6e43-4b22-ac72-1818c62a3d12',450000,'BANK','COMPLETED','2025-11-28 01:22:34.798','bc0eb721-2b87-43e0-aae2-4e7e50e7d1a2'),('e55dd904-fee7-4e0d-9962-b7e20e06aa94',1020000,'CARD','COMPLETED','2025-11-28 01:22:34.886','72181c91-b911-48ab-bfe8-0a01a901e8e0'),('eb3afa28-9ef8-484a-91b2-954ddd610a93',1100000,'CARD','COMPLETED','2025-11-28 01:22:34.848','eeae2b82-0a65-468b-91e7-91af8d155245'),('eb3d74ad-3e29-437e-b238-734306e841b1',400000,'CARD','COMPLETED','2025-11-28 01:22:34.830','fefc69bb-d951-41e4-8248-6f29f20aaac5'),('ec96eccc-3684-4392-9b8b-75c7ed3aca07',600000,'BANK','COMPLETED','2025-11-28 01:22:34.832','9f25f279-38a6-47d8-9d83-5ff9e971499e'),('f0461b3a-46dc-4dc7-9668-dc6aa70c0d49',540000,'CARD','COMPLETED','2025-11-28 01:22:34.822','d5fb8610-2631-4cb9-8a49-c4448eaa2af6'),('f115e095-6e25-4490-b5d3-04bf33bcbf7a',600000,'CARD','COMPLETED','2025-11-28 01:22:34.791','831bfcda-db52-455f-8533-11ff18d677b4'),('f59592c3-19c2-4f3e-8d90-fc503dfae0eb',480000,'CARD','COMPLETED','2025-11-28 01:22:34.873','e25f04c5-4e2d-4f0e-a943-46ba18a2c383'),('f70df828-3a4b-4f48-bcbf-368d62705782',540000,'BANK','COMPLETED','2025-11-28 01:22:34.879','7a22fd02-c37f-47dc-9271-5d4e5e75167b'),('fdf1e430-bda2-46c5-894b-1f759d6df61b',700000,'CARD','COMPLETED','2025-11-28 01:22:34.806','8f245fa9-2907-4801-92e3-7aa8f1e282d8'),('feb05844-91ec-4e6c-962f-d7c297961251',700000,'CARD','COMPLETED','2025-11-28 01:22:34.860','a16155a6-0800-4317-baf2-abd565a5007a'),('fecdce34-bd6e-4632-98ec-b05d4c4819b2',1140000,'CARD','COMPLETED','2025-11-28 01:22:34.840','958e7b41-6bf9-49b4-bf3c-7a5d219d00ca');
/*!40000 ALTER TABLE `Payment` ENABLE KEYS */;
UNLOCK TABLES;

--
-- Table structure for table `Review`
--

DROP TABLE IF EXISTS `Review`;
/*!40101 SET @saved_cs_client     = @@character_set_client */;
/*!50503 SET character_set_client = utf8mb4 */;
CREATE TABLE `Review` (
  `id` varchar(191) COLLATE utf8mb4_unicode_ci NOT NULL,
  `rating` int NOT NULL,
  `comment` varchar(191) COLLATE utf8mb4_unicode_ci DEFAULT NULL,
  `createdAt` datetime(3) NOT NULL DEFAULT CURRENT_TIMESTAMP(3),
  `bookingId` varchar(191) COLLATE utf8mb4_unicode_ci NOT NULL,
  `roomId` varchar(191) COLLATE utf8mb4_unicode_ci NOT NULL,
  PRIMARY KEY (`id`),
  UNIQUE KEY `Review_bookingId_key` (`bookingId`),
  KEY `Review_roomId_fkey` (`roomId`),
  CONSTRAINT `Review_bookingId_fkey` FOREIGN KEY (`bookingId`) REFERENCES `Booking` (`id`) ON DELETE RESTRICT ON UPDATE CASCADE,
  CONSTRAINT `Review_roomId_fkey` FOREIGN KEY (`roomId`) REFERENCES `Room` (`id`) ON DELETE RESTRICT ON UPDATE CASCADE
) ENGINE=InnoDB DEFAULT CHARSET=utf8mb4 COLLATE=utf8mb4_unicode_ci;
/*!40101 SET character_set_client = @saved_cs_client */;

--
-- Dumping data for table `Review`
--

LOCK TABLES `Review` WRITE;
/*!40000 ALTER TABLE `Review` DISABLE KEYS */;
INSERT INTO `Review` VALUES ('099351f4-ba82-41ca-a14b-81ae895d2b65',5,' .    .','2025-11-28 01:22:34.876','66cbfce7-6bb1-4884-a772-351b768ec341','b6dcbe15-ec4c-4044-a38b-fa24cf98c482'),('13835b7f-05ba-47cd-90f0-408f625cfe7d',5,' .  !','2025-11-28 01:22:34.825','0e659db7-10d2-4aff-b531-6c96c9d0f7af','67d79e79-110d-471d-8c79-8dea7f8d23ed'),('13dc1334-d624-44ce-9abf-a8fe09b57db1',3,'  !    .','2025-11-28 01:22:34.874','e25f04c5-4e2d-4f0e-a943-46ba18a2c383','b3e88462-0ca5-4dc3-82a2-550423180e00'),('1d23aae4-cfb1-4d55-93f6-0f0f2c1ad33d',5,'  .   .','2025-11-28 01:22:34.816','6dffca57-b4b7-4cee-a5b0-65f943b1f1f5','a3d0fbdb-125e-4688-8641-78321556f5d0'),('1fdda71c-abdc-4e0e-a44b-f17fabbaf005',5,'  !    .','2025-11-28 01:22:34.793','831bfcda-db52-455f-8533-11ff18d677b4','adb9019c-847a-4f20-a49f-70f3da49eeda'),('313f4769-b318-470d-a99f-412f974b7f30',3,' .  !','2025-11-28 01:22:34.866','5530a179-c643-4628-a3bb-a475654bccae','bffa8ddb-3ce9-4c9f-bab4-630eea429704'),('315351bb-44d4-4ed6-bd3d-4ba588502fa9',5,' .  !','2025-11-28 01:22:34.802','9215046a-84fc-43b5-8c56-da4d7f32b9cf','754dc624-9902-4c13-b277-9d46e47745d7'),('330eb425-1021-4600-931c-1610adba740d',4,' .    .','2025-11-28 01:22:34.809','9c161418-9811-447c-8ab2-954d6d825bb0','e28ca98b-240c-4ca8-ba78-0004a1ad7355'),('38ebbeb6-48b6-4bd1-9324-c676271778ea',4,' .  !','2025-11-28 01:22:34.868','82ed1fb5-fdae-495e-a950-f1d2262726ab','bffa8ddb-3ce9-4c9f-bab4-630eea429704'),('46de4361-7112-4796-8e59-ae191d56fffe',3,'  !    .','2025-11-28 01:22:34.807','8f245fa9-2907-4801-92e3-7aa8f1e282d8','0824ae58-2b04-47c3-b94e-a94513f49afe'),('544b7761-9301-4cb3-919e-7a2cb8a1c058',5,'  .   .','2025-11-28 01:22:34.859','d7053870-8274-4d90-bf2c-f43046a413cf','2e485330-cff4-434a-bc1c-6f75473e5a2b'),('568bbb9d-937f-44a1-9042-9b264a398c36',5,'  .   .','2025-11-28 01:22:34.883','f31f02cc-972c-4b0b-b837-03346aa817f8','f5e4d0b2-f777-4324-b559-3942a8e87c4e'),('5f6e4633-1200-4bae-b86e-9c04ce86428f',3,' .  !','2025-11-28 01:22:34.828','86c6c2e9-f0cc-4c90-ad0e-ee2bd454280e','67d79e79-110d-471d-8c79-8dea7f8d23ed'),('74eccc94-d44d-477d-af30-4bdecbf86ab5',3,'  !    .','2025-11-28 01:22:34.837','63fc7d5c-3ede-4dfd-b548-4c80259307da','03d0afd3-451f-47b0-9a14-ca1dea609c7c'),('79f8d133-b104-4c2a-822f-dfe025eb0a41',5,' .    .','2025-11-28 01:22:34.864','78112f04-aecd-4ad0-b811-eaea1ce651e4','095e493d-02a0-4608-8e2e-42bc6f6b7881'),('7d8bf83d-79a7-414e-9a59-f5ea3009e0f9',4,' .  !','2025-11-28 01:22:34.814','efde4c07-6212-4929-a523-b264fab79990','b598e46b-ed8a-4ff2-95d7-f008654bd1d2'),('87622d5d-1ac5-4f4d-96be-ecc7a0e80e9c',4,' .  !','2025-11-28 01:22:34.878','aefaef98-49b4-4a65-b2fa-e91075ef953c','3e6243f4-8f93-4384-9d38-175808962d68'),('8ab77a89-62e6-4676-b7b7-2fa0e731d03f',3,'  !    .','2025-11-28 01:22:34.850','eeae2b82-0a65-468b-91e7-91af8d155245','23203991-d8c6-4812-a800-399fd5dece4c'),('93b6b338-2dd4-4860-a137-5f0b4835cdee',5,'  !    .','2025-11-28 01:22:34.861','a16155a6-0800-4317-baf2-abd565a5007a','ac216e5d-65fb-476b-ba84-1bdffe8ce891'),('9950b52a-6632-4741-984c-3e0a297607ae',5,' .  !','2025-11-28 01:22:34.892','62c16048-b917-4ef5-b5a9-ec6138044d69','4d002044-ca86-4b82-8036-0c7a4c680c7f'),('9bb1f3d8-1b05-4ac8-a5b5-a60d445b2b7e',3,' .  !','2025-11-28 01:22:34.855','74dacf59-1b20-415f-990d-319c28121673','4a097a32-3760-4d96-bd36-5d9245141d91'),('a27d9083-44ad-45ae-bb83-4e2faa1c86d6',4,'  .   .','2025-11-28 01:22:34.831','fefc69bb-d951-41e4-8248-6f29f20aaac5','d1704adb-524b-453d-90bd-c55d67bea747'),('a5af3e2f-e385-454e-994b-d55e7f70f94d',3,' .  !','2025-11-28 01:22:34.880','7a22fd02-c37f-47dc-9271-5d4e5e75167b','3e6243f4-8f93-4384-9d38-175808962d68'),('b5bf6cc4-097d-41b2-970c-da9cd4851448',3,'  .   .','2025-11-28 01:22:34.895','891189d2-dcb9-4484-85a8-ae61311edfb5','7745cba9-5aef-4891-b432-9b3dec63df14'),('c62ca4cb-a8bd-4c36-b1f1-f762875b316c',5,' .    .','2025-11-28 01:22:34.812','10f2e4e1-057c-4234-8c39-4bd433f11ea8','e28ca98b-240c-4ca8-ba78-0004a1ad7355'),('c7fdec91-0adc-49b2-9476-b55a9c06eb8f',3,'  .   .','2025-11-28 01:22:34.847','67264e9b-8613-446b-8446-4d290899e704','d08ecb8b-21db-4a60-8501-dc3715c1c266'),('c81f7004-0198-458a-9594-db0f9849e0bc',5,'  .   .','2025-11-28 01:22:34.834','9f25f279-38a6-47d8-9d83-5ff9e971499e','d1704adb-524b-453d-90bd-c55d67bea747'),('cf91e4ed-8495-4f4c-b1c8-be4a8611a189',4,'  !    .','2025-11-28 01:22:34.852','2db45df6-f221-4902-a6ca-9773443a092b','23203991-d8c6-4812-a800-399fd5dece4c'),('d2d72804-1686-46ae-b8c4-afcf41d1fc2b',5,'  .   .','2025-11-28 01:22:34.870','d7055db6-9559-463b-a436-a2abd99de11a','66870b51-ddad-40a6-8445-1960ce95b3cb'),('d499caa4-d90e-48da-ae53-bbb007542ab3',4,'  !    .','2025-11-28 01:22:34.885','46151056-35a7-4919-a3a4-fdc229339339','cc0b7713-eb1a-4ef8-97c1-cfa54d560219'),('e7b2ba9f-28d3-4ec4-b6c4-3d94fbf1bf7b',4,' .    .','2025-11-28 01:22:34.799','bc0eb721-2b87-43e0-aae2-4e7e50e7d1a2','021ab18c-c49e-4a56-a541-71f79b510e8d'),('e8a660a1-c8e6-4382-a8da-0dac713c155d',3,'  .   .','2025-11-28 01:22:34.804','4f5bc362-2547-4eec-972a-9971c22470aa','964548cc-286b-4cc2-b97b-10c5ce1df2a8'),('ec6f4124-a7c0-46f4-a57a-bb960d255e4e',5,' .  !','2025-11-28 01:22:34.890','cd79d558-b709-4a3e-b1ca-92e61740024e','4d002044-ca86-4b82-8036-0c7a4c680c7f'),('fe56112e-9cc1-4aef-9b1c-cd6448d74e2b',4,' .    .','2025-11-28 01:22:34.842','958e7b41-6bf9-49b4-bf3c-7a5d219d00ca','0531d1af-4f66-46c2-a829-0851d754c2a2');
/*!40000 ALTER TABLE `Review` ENABLE KEYS */;
UNLOCK TABLES;

--
-- Table structure for table `Room`
--

DROP TABLE IF EXISTS `Room`;
/*!40101 SET @saved_cs_client     = @@character_set_client */;
/*!50503 SET character_set_client = utf8mb4 */;
CREATE TABLE `Room` (
  `id` varchar(191) COLLATE utf8mb4_unicode_ci NOT NULL,
  `title` varchar(191) COLLATE utf8mb4_unicode_ci NOT NULL,
  `description` text COLLATE utf8mb4_unicode_ci NOT NULL,
  `structure` varchar(191) COLLATE utf8mb4_unicode_ci NOT NULL,
  `privacyType` varchar(191) COLLATE utf8mb4_unicode_ci NOT NULL,
  `country` varchar(191) COLLATE utf8mb4_unicode_ci NOT NULL,
  `city` varchar(191) COLLATE utf8mb4_unicode_ci NOT NULL,
  `address` varchar(191) COLLATE utf8mb4_unicode_ci DEFAULT NULL,
  `rules` text COLLATE utf8mb4_unicode_ci,
  `lat` double NOT NULL,
  `lng` double NOT NULL,
  `pricePerNight` int NOT NULL,
  `maxGuests` int NOT NULL DEFAULT '1',
  `createdAt` datetime(3) NOT NULL DEFAULT CURRENT_TIMESTAMP(3),
  `updatedAt` datetime(3) NOT NULL,
  `hostId` varchar(191) COLLATE utf8mb4_unicode_ci NOT NULL,
  PRIMARY KEY (`id`),
  KEY `Room_hostId_fkey` (`hostId`),
  CONSTRAINT `Room_hostId_fkey` FOREIGN KEY (`hostId`) REFERENCES `User` (`id`) ON DELETE RESTRICT ON UPDATE CASCADE
) ENGINE=InnoDB DEFAULT CHARSET=utf8mb4 COLLATE=utf8mb4_unicode_ci;
/*!40101 SET character_set_client = @saved_cs_client */;

--
-- Dumping data for table `Room`
--

LOCK TABLES `Room` WRITE;
/*!40000 ALTER TABLE `Room` DISABLE KEYS */;
INSERT INTO `Room` VALUES ('021ab18c-c49e-4a56-a541-71f79b510e8d','   ','       .','','','','','   279-135',NULL,37.51118672669075,127.0698532571244,150000,3,'2025-11-28 01:22:34.715','2025-11-28 01:22:34.715','8c345ddf-c09a-4e04-bae9-b73ada47be0c'),('03d0afd3-451f-47b0-9a14-ca1dea609c7c','    ','      .   .','','','','','    1322-1',NULL,33.50211892711684,126.8166082884243,170000,2,'2025-11-28 01:22:34.741','2025-11-28 01:22:34.741','af1bc1ff-25b3-4d30-be43-beabad95f436'),('0531d1af-4f66-46c2-a829-0851d754c2a2','    ','        .   .','',' ','','','  516 2596-117',NULL,33.39878433662111,126.5397681256669,190000,3,'2025-11-28 01:22:34.744','2025-11-28 01:22:34.744','af1bc1ff-25b3-4d30-be43-beabad95f436'),('0824ae58-2b04-47c3-b94e-a94513f49afe','   5 ','  5    .   .','','','','','   2-10-70',NULL,34.68803654251674,135.5241021700465,140000,5,'2025-11-28 01:22:34.722','2025-11-28 01:22:34.722','c5b0d7c2-36df-4d37-9200-a755572fc5be'),('095e493d-02a0-4608-8e2e-42bc6f6b7881','     ','       .','','','','','    167-64',NULL,37.8925808190298,128.8264588572942,125000,4,'2025-11-28 01:22:34.762','2025-11-28 01:22:34.762','b55ede93-0fe3-4e34-ac92-133db8d73e5a'),('18391ab6-d1d4-400c-be0c-5249b5bafe4b','    ','        .',' ','','','','    692',NULL,33.48390027513091,126.3760692767369,160000,4,'2025-11-28 01:22:34.746','2025-11-28 01:22:34.746','101048ab-a655-4395-a4d4-cce35056bb41'),('23203991-d8c6-4812-a800-399fd5dece4c','   ','       .','','','','','   40 12',NULL,33.47244502029931,126.9786712561196,220000,5,'2025-11-28 01:22:34.750','2025-11-28 01:22:34.750','8c345ddf-c09a-4e04-bae9-b73ada47be0c'),('2e485330-cff4-434a-bc1c-6f75473e5a2b','    ','     .   .','',' ','','','   96',NULL,37.82054514597444,128.9404142724516,160000,5,'2025-11-28 01:22:34.758','2025-11-28 01:22:34.758','c5b0d7c2-36df-4d37-9200-a755572fc5be'),('3e6243f4-8f93-4384-9d38-175808962d68','     ','       .','',' ','','','   785',NULL,35.87703292642342,129.2456199442376,180000,2,'2025-11-28 01:22:34.778','2025-11-28 01:22:34.778','101048ab-a655-4395-a4d4-cce35056bb41'),('4a097a32-3760-4d96-bd36-5d9245141d91','    2','    .    .',' ',' ','','','  14 20',NULL,37.7753164173464,128.9393996497296,130000,5,'2025-11-28 01:22:34.755','2025-11-28 01:22:34.755','101048ab-a655-4395-a4d4-cce35056bb41'),('4d002044-ca86-4b82-8036-0c7a4c680c7f','    ','    .   .','',' ','','','    61',NULL,35.84952434050575,129.5118528925016,150000,2,'2025-11-28 01:22:34.786','2025-11-28 01:22:34.786','c5b0d7c2-36df-4d37-9200-a755572fc5be'),('66870b51-ddad-40a6-8445-1960ce95b3cb','    ','     .','','','','','     282-1',NULL,37.86091192884908,128.9809190551265,115000,3,'2025-11-28 01:22:34.768','2025-11-28 01:22:34.768','af1bc1ff-25b3-4d30-be43-beabad95f436'),('67d79e79-110d-471d-8c79-8dea7f8d23ed','   ','      .     .',' ',' ','','','  3 6-9',NULL,33.42424155315044,126.5957117647751,150000,2,'2025-11-28 01:22:34.736','2025-11-28 01:22:34.736','b55ede93-0fe3-4e34-ac92-133db8d73e5a'),('754dc624-9902-4c13-b277-9d46e47745d7','   ','    .     .','',' ','','','   1-9',NULL,34.70674524360474,135.5168855365452,130000,3,'2025-11-28 01:22:34.717','2025-11-28 01:22:34.717','c5b0d7c2-36df-4d37-9200-a755572fc5be'),('7745cba9-5aef-4891-b432-9b3dec63df14','    ','       .','','','','','   355-1',NULL,35.84356144503586,129.2584514843193,165000,2,'2025-11-28 01:22:34.788','2025-11-28 01:22:34.788','b55ede93-0fe3-4e34-ac92-133db8d73e5a'),('8b45eb80-5f4e-4aac-94f6-74e1b80dc090','     ','     .','','','','','   1-1-1',NULL,34.70337603459415,135.5023076485195,135000,2,'2025-11-28 01:22:34.731','2025-11-28 01:22:34.731','af1bc1ff-25b3-4d30-be43-beabad95f436'),('964548cc-286b-4cc2-b97b-10c5ce1df2a8','    ','     .   .','',' ','','','   6-2-45',NULL,34.6600725518694,135.4343929370266,160000,4,'2025-11-28 01:22:34.719','2025-11-28 01:22:34.719','c5b0d7c2-36df-4d37-9200-a755572fc5be'),('a3d0fbdb-125e-4688-8641-78321556f5d0','     ','       .','',' ','','','   1-108',NULL,34.64684619572069,135.5365845074979,145000,3,'2025-11-28 01:22:34.729','2025-11-28 01:22:34.729','b55ede93-0fe3-4e34-ac92-133db8d73e5a'),('ac216e5d-65fb-476b-ba84-1bdffe8ce891','    ','      .',' ','','','','  3139 24',NULL,37.80880508570667,128.9128898370176,140000,2,'2025-11-28 01:22:34.760','2025-11-28 01:22:34.760','c5b0d7c2-36df-4d37-9200-a755572fc5be'),('adb9019c-847a-4f20-a49f-70f3da49eeda','   ','    .     .','',' ','','','   207',NULL,37.56633300127807,126.9761928066084,120000,2,'2025-11-28 01:22:34.712','2025-11-28 01:22:34.712','8c345ddf-c09a-4e04-bae9-b73ada47be0c'),('b23e434d-1e53-4caf-a34b-627a5e277352','    ','        .','',' ','','','   1-1-43',NULL,34.6790694124787,135.5510808943494,180000,3,'2025-11-28 01:22:34.733','2025-11-28 01:22:34.733','af1bc1ff-25b3-4d30-be43-beabad95f436'),('b3e88462-0ca5-4dc3-82a2-550423180e00','   ','      .    .',' ','','','','   40-1 2',NULL,35.84713226791526,129.2128960029294,160000,3,'2025-11-28 01:22:34.771','2025-11-28 01:22:34.771','af1bc1ff-25b3-4d30-be43-beabad95f436'),('b598e46b-ed8a-4ff2-95d7-f008654bd1d2','    ','      .','','','','','   1-8-3',NULL,34.70871058201287,135.5203177037893,155000,4,'2025-11-28 01:22:34.727','2025-11-28 01:22:34.727','b55ede93-0fe3-4e34-ac92-133db8d73e5a'),('b6dcbe15-ec4c-4044-a38b-fa24cf98c482','    ','     .   .','',' ','','','   71-10',NULL,35.82236628653862,129.3443207754017,140000,5,'2025-11-28 01:22:34.773','2025-11-28 01:22:34.773','101048ab-a655-4395-a4d4-cce35056bb41'),('bf77dcde-4953-49f8-b26c-c8b89502aa3b','    ','        .',' ',' ','','','    175',NULL,36.02834588921299,129.2717537968157,170000,4,'2025-11-28 01:22:34.785','2025-11-28 01:22:34.785','c5b0d7c2-36df-4d37-9200-a755572fc5be'),('bffa8ddb-3ce9-4c9f-bab4-630eea429704','    ','      .   .','',' ','','','    257-2',NULL,37.70268110659576,129.0453589923191,180000,3,'2025-11-28 01:22:34.766','2025-11-28 01:22:34.766','b55ede93-0fe3-4e34-ac92-133db8d73e5a'),('cc0b7713-eb1a-4ef8-97c1-cfa54d560219','   ','      .','','','','','   813-5',NULL,35.87013408511505,129.21523337501,100000,3,'2025-11-28 01:22:34.782','2025-11-28 01:22:34.782','8c345ddf-c09a-4e04-bae9-b73ada47be0c'),('d08ecb8b-21db-4a60-8501-dc3715c1c266','    ','     .   .','','','','','    2872',NULL,33.4044370674236,126.2302709811296,110000,3,'2025-11-28 01:22:34.748','2025-11-28 01:22:34.748','101048ab-a655-4395-a4d4-cce35056bb41'),('d1704adb-524b-453d-90bd-c55d67bea747','   ','     .   .','',' ','','','   20',NULL,33.29863579422369,126.5981886268387,200000,3,'2025-11-28 01:22:34.739','2025-11-28 01:22:34.739','b55ede93-0fe3-4e34-ac92-133db8d73e5a'),('d5eeec2a-f0e3-49d6-9c18-4e5b1980b273','    ','        .','',' ','','','   1343-7',NULL,33.26916071179587,126.4610170202768,250000,4,'2025-11-28 01:22:34.752','2025-11-28 01:22:34.752','8c345ddf-c09a-4e04-bae9-b73ada47be0c'),('e28ca98b-240c-4ca8-ba78-0004a1ad7355','    ','      .','',' ','','','   1-1-88',NULL,34.7421408344911,135.5182240701899,170000,3,'2025-11-28 01:22:34.724','2025-11-28 01:22:34.724','b55ede93-0fe3-4e34-ac92-133db8d73e5a'),('f5e4d0b2-f777-4324-b559-3942a8e87c4e','    ','      .  .','',' ','','','   719-203',NULL,35.8487536574345,129.3108236724459,200000,4,'2025-11-28 01:22:34.780','2025-11-28 01:22:34.780','8c345ddf-c09a-4e04-bae9-b73ada47be0c');
/*!40000 ALTER TABLE `Room` ENABLE KEYS */;
UNLOCK TABLES;

--
-- Table structure for table `User`
--

DROP TABLE IF EXISTS `User`;
/*!40101 SET @saved_cs_client     = @@character_set_client */;
/*!50503 SET character_set_client = utf8mb4 */;
CREATE TABLE `User` (
  `id` varchar(191) COLLATE utf8mb4_unicode_ci NOT NULL,
  `email` varchar(191) COLLATE utf8mb4_unicode_ci NOT NULL,
  `name` varchar(191) COLLATE utf8mb4_unicode_ci NOT NULL,
  `password` varchar(191) COLLATE utf8mb4_unicode_ci NOT NULL,
  `avatar` varchar(191) COLLATE utf8mb4_unicode_ci DEFAULT NULL,
  `hashed_refresh_token` varchar(191) COLLATE utf8mb4_unicode_ci DEFAULT NULL,
  `role` enum('GUEST','HOST','ADMIN') COLLATE utf8mb4_unicode_ci NOT NULL DEFAULT 'GUEST',
  `verified` tinyint(1) NOT NULL DEFAULT '0',
  `createdAt` datetime(3) NOT NULL DEFAULT CURRENT_TIMESTAMP(3),
  `updatedAt` datetime(3) NOT NULL,
  PRIMARY KEY (`id`),
  UNIQUE KEY `User_email_key` (`email`)
) ENGINE=InnoDB DEFAULT CHARSET=utf8mb4 COLLATE=utf8mb4_unicode_ci;
/*!40101 SET character_set_client = @saved_cs_client */;

--
-- Dumping data for table `User`
--

LOCK TABLES `User` WRITE;
/*!40000 ALTER TABLE `User` DISABLE KEYS */;
INSERT INTO `User` VALUES ('00825d20-dfaa-4284-a6cf-dec4d283fbfb','guest10@example.com','','$2b$10$2Dje/vOh/sPh6fd9RD/bkOkN8RCW.CYZb7g187I2kUZ5Ez.UMmdMW',NULL,NULL,'GUEST',1,'2025-11-28 01:22:34.693','2025-11-28 01:22:34.693'),('101048ab-a655-4395-a4d4-cce35056bb41','host5@example.com','','$2b$10$2Dje/vOh/sPh6fd9RD/bkOkN8RCW.CYZb7g187I2kUZ5Ez.UMmdMW',NULL,NULL,'HOST',1,'2025-11-28 01:22:34.690','2025-11-28 01:22:34.690'),('1b53c483-dd79-4261-bcec-22e909cc57d4','guest5@example.com','','$2b$10$2Dje/vOh/sPh6fd9RD/bkOkN8RCW.CYZb7g187I2kUZ5Ez.UMmdMW',NULL,NULL,'GUEST',1,'2025-11-28 01:22:34.691','2025-11-28 01:22:34.691'),('3729af7a-642a-482c-a4b0-60696816da14','guest2@example.com','','$2b$10$2Dje/vOh/sPh6fd9RD/bkOkN8RCW.CYZb7g187I2kUZ5Ez.UMmdMW',NULL,NULL,'GUEST',1,'2025-11-28 01:22:34.691','2025-11-28 01:22:34.691'),('4459c222-3bbf-4161-9481-02dda6fba813','guest4@example.com','','$2b$10$2Dje/vOh/sPh6fd9RD/bkOkN8RCW.CYZb7g187I2kUZ5Ez.UMmdMW',NULL,NULL,'GUEST',1,'2025-11-28 01:22:34.691','2025-11-28 01:22:34.691'),('7fb93aab-bd9d-4753-a2e3-a269a4320f3c','guest8@example.com','','$2b$10$2Dje/vOh/sPh6fd9RD/bkOkN8RCW.CYZb7g187I2kUZ5Ez.UMmdMW',NULL,NULL,'GUEST',1,'2025-11-28 01:22:34.692','2025-11-28 01:22:34.692'),('8c345ddf-c09a-4e04-bae9-b73ada47be0c','host1@example.com','','$2b$10$2Dje/vOh/sPh6fd9RD/bkOkN8RCW.CYZb7g187I2kUZ5Ez.UMmdMW',NULL,NULL,'HOST',1,'2025-11-28 01:22:34.690','2025-11-28 01:22:34.690'),('9c039add-f21f-4571-89bf-b88b0c9aa636','guest9@example.com','','$2b$10$2Dje/vOh/sPh6fd9RD/bkOkN8RCW.CYZb7g187I2kUZ5Ez.UMmdMW',NULL,NULL,'GUEST',1,'2025-11-28 01:22:34.692','2025-11-28 01:22:34.692'),('a97418e0-873c-4117-9e1f-1bfa2c0305ac','guest3@example.com','','$2b$10$2Dje/vOh/sPh6fd9RD/bkOkN8RCW.CYZb7g187I2kUZ5Ez.UMmdMW',NULL,NULL,'GUEST',1,'2025-11-28 01:22:34.691','2025-11-28 01:22:34.691'),('af1bc1ff-25b3-4d30-be43-beabad95f436','host4@example.com','','$2b$10$2Dje/vOh/sPh6fd9RD/bkOkN8RCW.CYZb7g187I2kUZ5Ez.UMmdMW',NULL,NULL,'HOST',1,'2025-11-28 01:22:34.690','2025-11-28 01:22:34.690'),('b55ede93-0fe3-4e34-ac92-133db8d73e5a','host3@example.com','','$2b$10$2Dje/vOh/sPh6fd9RD/bkOkN8RCW.CYZb7g187I2kUZ5Ez.UMmdMW',NULL,NULL,'HOST',1,'2025-11-28 01:22:34.690','2025-11-28 01:22:34.690'),('c5b0d7c2-36df-4d37-9200-a755572fc5be','host2@example.com','','$2b$10$2Dje/vOh/sPh6fd9RD/bkOkN8RCW.CYZb7g187I2kUZ5Ez.UMmdMW',NULL,NULL,'HOST',1,'2025-11-28 01:22:34.690','2025-11-28 01:22:34.690'),('d6bf948e-8091-4ef1-910e-e67d1dd0c78f','guest7@example.com','','$2b$10$2Dje/vOh/sPh6fd9RD/bkOkN8RCW.CYZb7g187I2kUZ5Ez.UMmdMW',NULL,NULL,'GUEST',1,'2025-11-28 01:22:34.692','2025-11-28 01:22:34.692'),('eabeda06-d74b-4250-89d6-93f15f08cc23','guest1@example.com','','$2b$10$2Dje/vOh/sPh6fd9RD/bkOkN8RCW.CYZb7g187I2kUZ5Ez.UMmdMW',NULL,NULL,'GUEST',1,'2025-11-28 01:22:34.691','2025-11-28 01:22:34.691'),('ebd15e7c-ff2f-4d17-9214-bca8d7723793','guest6@example.com','','$2b$10$2Dje/vOh/sPh6fd9RD/bkOkN8RCW.CYZb7g187I2kUZ5Ez.UMmdMW',NULL,NULL,'GUEST',1,'2025-11-28 01:22:34.692','2025-11-28 01:22:34.692');
/*!40000 ALTER TABLE `User` ENABLE KEYS */;
UNLOCK TABLES;

--
-- Table structure for table `_RoomAmenities`
--

DROP TABLE IF EXISTS `_RoomAmenities`;
/*!40101 SET @saved_cs_client     = @@character_set_client */;
/*!50503 SET character_set_client = utf8mb4 */;
CREATE TABLE `_RoomAmenities` (
  `A` varchar(191) COLLATE utf8mb4_unicode_ci NOT NULL,
  `B` varchar(191) COLLATE utf8mb4_unicode_ci NOT NULL,
  UNIQUE KEY `_RoomAmenities_AB_unique` (`A`,`B`),
  KEY `_RoomAmenities_B_index` (`B`),
  CONSTRAINT `_RoomAmenities_A_fkey` FOREIGN KEY (`A`) REFERENCES `Amenity` (`id`) ON DELETE CASCADE ON UPDATE CASCADE,
  CONSTRAINT `_RoomAmenities_B_fkey` FOREIGN KEY (`B`) REFERENCES `Room` (`id`) ON DELETE CASCADE ON UPDATE CASCADE
) ENGINE=InnoDB DEFAULT CHARSET=utf8mb4 COLLATE=utf8mb4_unicode_ci;
/*!40101 SET character_set_client = @saved_cs_client */;

--
-- Dumping data for table `_RoomAmenities`
--

LOCK TABLES `_RoomAmenities` WRITE;
/*!40000 ALTER TABLE `_RoomAmenities` DISABLE KEYS */;
INSERT INTO `_RoomAmenities` VALUES ('68722afd-db10-445b-b297-4ec508a407f3','021ab18c-c49e-4a56-a541-71f79b510e8d'),('c829dde6-b445-4f03-ac0c-938d49719926','021ab18c-c49e-4a56-a541-71f79b510e8d'),('dcbd75eb-9187-438f-be5b-224534cac1ea','021ab18c-c49e-4a56-a541-71f79b510e8d'),('68722afd-db10-445b-b297-4ec508a407f3','03d0afd3-451f-47b0-9a14-ca1dea609c7c'),('9ed44ae4-f65c-4cf6-96f9-8714fc5557d1','03d0afd3-451f-47b0-9a14-ca1dea609c7c'),('dcbd75eb-9187-438f-be5b-224534cac1ea','03d0afd3-451f-47b0-9a14-ca1dea609c7c'),('0a8c5b8f-92ff-42a1-9b44-0b243a3e16ba','0531d1af-4f66-46c2-a829-0851d754c2a2'),('6cbbf457-f090-453e-b408-72ddd6f46f98','0531d1af-4f66-46c2-a829-0851d754c2a2'),('745e763c-95d3-4891-846e-6c98e57e68e9','0531d1af-4f66-46c2-a829-0851d754c2a2'),('0a8c5b8f-92ff-42a1-9b44-0b243a3e16ba','0824ae58-2b04-47c3-b94e-a94513f49afe'),('68722afd-db10-445b-b297-4ec508a407f3','0824ae58-2b04-47c3-b94e-a94513f49afe'),('68722afd-db10-445b-b297-4ec508a407f3','095e493d-02a0-4608-8e2e-42bc6f6b7881'),('745e763c-95d3-4891-846e-6c98e57e68e9','095e493d-02a0-4608-8e2e-42bc6f6b7881'),('dcbd75eb-9187-438f-be5b-224534cac1ea','095e493d-02a0-4608-8e2e-42bc6f6b7881'),('52365bf6-dfe3-44b9-8ee9-c744b827c20d','18391ab6-d1d4-400c-be0c-5249b5bafe4b'),('68722afd-db10-445b-b297-4ec508a407f3','18391ab6-d1d4-400c-be0c-5249b5bafe4b'),('dcbd75eb-9187-438f-be5b-224534cac1ea','18391ab6-d1d4-400c-be0c-5249b5bafe4b'),('0a8c5b8f-92ff-42a1-9b44-0b243a3e16ba','23203991-d8c6-4812-a800-399fd5dece4c'),('68722afd-db10-445b-b297-4ec508a407f3','23203991-d8c6-4812-a800-399fd5dece4c'),('c829dde6-b445-4f03-ac0c-938d49719926','23203991-d8c6-4812-a800-399fd5dece4c'),('0a8c5b8f-92ff-42a1-9b44-0b243a3e16ba','2e485330-cff4-434a-bc1c-6f75473e5a2b'),('68722afd-db10-445b-b297-4ec508a407f3','2e485330-cff4-434a-bc1c-6f75473e5a2b'),('6cbbf457-f090-453e-b408-72ddd6f46f98','2e485330-cff4-434a-bc1c-6f75473e5a2b'),('68722afd-db10-445b-b297-4ec508a407f3','3e6243f4-8f93-4384-9d38-175808962d68'),('745e763c-95d3-4891-846e-6c98e57e68e9','3e6243f4-8f93-4384-9d38-175808962d68'),('dcbd75eb-9187-438f-be5b-224534cac1ea','3e6243f4-8f93-4384-9d38-175808962d68'),('68722afd-db10-445b-b297-4ec508a407f3','4a097a32-3760-4d96-bd36-5d9245141d91'),('745e763c-95d3-4891-846e-6c98e57e68e9','4a097a32-3760-4d96-bd36-5d9245141d91'),('0a8c5b8f-92ff-42a1-9b44-0b243a3e16ba','4d002044-ca86-4b82-8036-0c7a4c680c7f'),('68722afd-db10-445b-b297-4ec508a407f3','4d002044-ca86-4b82-8036-0c7a4c680c7f'),('745e763c-95d3-4891-846e-6c98e57e68e9','4d002044-ca86-4b82-8036-0c7a4c680c7f'),('52365bf6-dfe3-44b9-8ee9-c744b827c20d','66870b51-ddad-40a6-8445-1960ce95b3cb'),('68722afd-db10-445b-b297-4ec508a407f3','66870b51-ddad-40a6-8445-1960ce95b3cb'),('6cbbf457-f090-453e-b408-72ddd6f46f98','67d79e79-110d-471d-8c79-8dea7f8d23ed'),('745e763c-95d3-4891-846e-6c98e57e68e9','67d79e79-110d-471d-8c79-8dea7f8d23ed'),('9ed44ae4-f65c-4cf6-96f9-8714fc5557d1','67d79e79-110d-471d-8c79-8dea7f8d23ed'),('68722afd-db10-445b-b297-4ec508a407f3','754dc624-9902-4c13-b277-9d46e47745d7'),('745e763c-95d3-4891-846e-6c98e57e68e9','754dc624-9902-4c13-b277-9d46e47745d7'),('68722afd-db10-445b-b297-4ec508a407f3','7745cba9-5aef-4891-b432-9b3dec63df14'),('dcbd75eb-9187-438f-be5b-224534cac1ea','7745cba9-5aef-4891-b432-9b3dec63df14'),('0a8c5b8f-92ff-42a1-9b44-0b243a3e16ba','8b45eb80-5f4e-4aac-94f6-74e1b80dc090'),('68722afd-db10-445b-b297-4ec508a407f3','8b45eb80-5f4e-4aac-94f6-74e1b80dc090'),('68722afd-db10-445b-b297-4ec508a407f3','964548cc-286b-4cc2-b97b-10c5ce1df2a8'),('6cbbf457-f090-453e-b408-72ddd6f46f98','964548cc-286b-4cc2-b97b-10c5ce1df2a8'),('dcbd75eb-9187-438f-be5b-224534cac1ea','964548cc-286b-4cc2-b97b-10c5ce1df2a8'),('68722afd-db10-445b-b297-4ec508a407f3','a3d0fbdb-125e-4688-8641-78321556f5d0'),('745e763c-95d3-4891-846e-6c98e57e68e9','a3d0fbdb-125e-4688-8641-78321556f5d0'),('9ed44ae4-f65c-4cf6-96f9-8714fc5557d1','a3d0fbdb-125e-4688-8641-78321556f5d0'),('68722afd-db10-445b-b297-4ec508a407f3','ac216e5d-65fb-476b-ba84-1bdffe8ce891'),('9ed44ae4-f65c-4cf6-96f9-8714fc5557d1','ac216e5d-65fb-476b-ba84-1bdffe8ce891'),('0a8c5b8f-92ff-42a1-9b44-0b243a3e16ba','adb9019c-847a-4f20-a49f-70f3da49eeda'),('68722afd-db10-445b-b297-4ec508a407f3','adb9019c-847a-4f20-a49f-70f3da49eeda'),('745e763c-95d3-4891-846e-6c98e57e68e9','adb9019c-847a-4f20-a49f-70f3da49eeda'),('68722afd-db10-445b-b297-4ec508a407f3','b23e434d-1e53-4caf-a34b-627a5e277352'),('745e763c-95d3-4891-846e-6c98e57e68e9','b23e434d-1e53-4caf-a34b-627a5e277352'),('c829dde6-b445-4f03-ac0c-938d49719926','b23e434d-1e53-4caf-a34b-627a5e277352'),('dcbd75eb-9187-438f-be5b-224534cac1ea','b23e434d-1e53-4caf-a34b-627a5e277352'),('0a8c5b8f-92ff-42a1-9b44-0b243a3e16ba','b3e88462-0ca5-4dc3-82a2-550423180e00'),('68722afd-db10-445b-b297-4ec508a407f3','b3e88462-0ca5-4dc3-82a2-550423180e00'),('52365bf6-dfe3-44b9-8ee9-c744b827c20d','b598e46b-ed8a-4ff2-95d7-f008654bd1d2'),('68722afd-db10-445b-b297-4ec508a407f3','b598e46b-ed8a-4ff2-95d7-f008654bd1d2'),('68722afd-db10-445b-b297-4ec508a407f3','b6dcbe15-ec4c-4044-a38b-fa24cf98c482'),('6cbbf457-f090-453e-b408-72ddd6f46f98','b6dcbe15-ec4c-4044-a38b-fa24cf98c482'),('9ed44ae4-f65c-4cf6-96f9-8714fc5557d1','b6dcbe15-ec4c-4044-a38b-fa24cf98c482'),('6cbbf457-f090-453e-b408-72ddd6f46f98','bf77dcde-4953-49f8-b26c-c8b89502aa3b'),('9ed44ae4-f65c-4cf6-96f9-8714fc5557d1','bf77dcde-4953-49f8-b26c-c8b89502aa3b'),('0a8c5b8f-92ff-42a1-9b44-0b243a3e16ba','bffa8ddb-3ce9-4c9f-bab4-630eea429704'),('68722afd-db10-445b-b297-4ec508a407f3','bffa8ddb-3ce9-4c9f-bab4-630eea429704'),('c829dde6-b445-4f03-ac0c-938d49719926','bffa8ddb-3ce9-4c9f-bab4-630eea429704'),('68722afd-db10-445b-b297-4ec508a407f3','cc0b7713-eb1a-4ef8-97c1-cfa54d560219'),('745e763c-95d3-4891-846e-6c98e57e68e9','cc0b7713-eb1a-4ef8-97c1-cfa54d560219'),('68722afd-db10-445b-b297-4ec508a407f3','d08ecb8b-21db-4a60-8501-dc3715c1c266'),('745e763c-95d3-4891-846e-6c98e57e68e9','d08ecb8b-21db-4a60-8501-dc3715c1c266'),('68722afd-db10-445b-b297-4ec508a407f3','d1704adb-524b-453d-90bd-c55d67bea747'),('745e763c-95d3-4891-846e-6c98e57e68e9','d1704adb-524b-453d-90bd-c55d67bea747'),('c829dde6-b445-4f03-ac0c-938d49719926','d1704adb-524b-453d-90bd-c55d67bea747'),('68722afd-db10-445b-b297-4ec508a407f3','d5eeec2a-f0e3-49d6-9c18-4e5b1980b273'),('6cbbf457-f090-453e-b408-72ddd6f46f98','d5eeec2a-f0e3-49d6-9c18-4e5b1980b273'),('c829dde6-b445-4f03-ac0c-938d49719926','d5eeec2a-f0e3-49d6-9c18-4e5b1980b273'),('dcbd75eb-9187-438f-be5b-224534cac1ea','d5eeec2a-f0e3-49d6-9c18-4e5b1980b273'),('68722afd-db10-445b-b297-4ec508a407f3','e28ca98b-240c-4ca8-ba78-0004a1ad7355'),('745e763c-95d3-4891-846e-6c98e57e68e9','e28ca98b-240c-4ca8-ba78-0004a1ad7355'),('dcbd75eb-9187-438f-be5b-224534cac1ea','e28ca98b-240c-4ca8-ba78-0004a1ad7355'),('68722afd-db10-445b-b297-4ec508a407f3','f5e4d0b2-f777-4324-b559-3942a8e87c4e'),('6cbbf457-f090-453e-b408-72ddd6f46f98','f5e4d0b2-f777-4324-b559-3942a8e87c4e'),('c829dde6-b445-4f03-ac0c-938d49719926','f5e4d0b2-f777-4324-b559-3942a8e87c4e');
/*!40000 ALTER TABLE `_RoomAmenities` ENABLE KEYS */;
UNLOCK TABLES;

--
-- Table structure for table `_prisma_migrations`
--

DROP TABLE IF EXISTS `_prisma_migrations`;
/*!40101 SET @saved_cs_client     = @@character_set_client */;
/*!50503 SET character_set_client = utf8mb4 */;
CREATE TABLE `_prisma_migrations` (
  `id` varchar(36) COLLATE utf8mb4_unicode_ci NOT NULL,
  `checksum` varchar(64) COLLATE utf8mb4_unicode_ci NOT NULL,
  `finished_at` datetime(3) DEFAULT NULL,
  `migration_name` varchar(255) COLLATE utf8mb4_unicode_ci NOT NULL,
  `logs` text COLLATE utf8mb4_unicode_ci,
  `rolled_back_at` datetime(3) DEFAULT NULL,
  `started_at` datetime(3) NOT NULL DEFAULT CURRENT_TIMESTAMP(3),
  `applied_steps_count` int unsigned NOT NULL DEFAULT '0',
  PRIMARY KEY (`id`)
) ENGINE=InnoDB DEFAULT CHARSET=utf8mb4 COLLATE=utf8mb4_unicode_ci;
/*!40101 SET character_set_client = @saved_cs_client */;

--
-- Dumping data for table `_prisma_migrations`
--

LOCK TABLES `_prisma_migrations` WRITE;
/*!40000 ALTER TABLE `_prisma_migrations` DISABLE KEYS */;
INSERT INTO `_prisma_migrations` VALUES ('cb3dd711-2915-4f14-a11b-af04fbee0b68','33a1dbe39ab268ce6f7f9320b337bcd877463615d26dff9c35bf5a1f522272cb','2025-11-28 01:22:34.052','20251124102631_migrate',NULL,NULL,'2025-11-28 01:22:34.032',1),('d0e13966-e8a3-49fb-9f21-827616e99251','0c5c868ead8b59eac0f834f43d50c1388ac0fffec5bc3a10e8a795ddaa751248','2025-11-28 01:22:34.031','20251124072222_migrate',NULL,NULL,'2025-11-28 01:22:33.838',1);
/*!40000 ALTER TABLE `_prisma_migrations` ENABLE KEYS */;
UNLOCK TABLES;
/*!40103 SET TIME_ZONE=@OLD_TIME_ZONE */;

/*!40101 SET SQL_MODE=@OLD_SQL_MODE */;
/*!40014 SET FOREIGN_KEY_CHECKS=@OLD_FOREIGN_KEY_CHECKS */;
/*!40014 SET UNIQUE_CHECKS=@OLD_UNIQUE_CHECKS */;
/*!40101 SET CHARACTER_SET_CLIENT=@OLD_CHARACTER_SET_CLIENT */;
/*!40101 SET CHARACTER_SET_RESULTS=@OLD_CHARACTER_SET_RESULTS */;
/*!40101 SET COLLATION_CONNECTION=@OLD_COLLATION_CONNECTION */;
/*!40111 SET SQL_NOTES=@OLD_SQL_NOTES */;

-- Dump completed on 2025-11-28  1:25:31
